﻿<?xml version="1.0" encoding="utf-8" standalone="no" ?>
<l10n>
	<!-- Note that 'description' is only here for easier translations. It needs to be manually copied to ModDesc.XML later. -->
	<description><![CDATA[Fügt allen Fahrzeugen eine adaptive Lenkung hinzu]]></description>

	<texts>
		<text name="vcaCAMERAI"         text="Innere Kamerabewegung"/>
		<text name="vcaCAMERAO"         text="Äußere Kamerabewegung"/>
		<text name="vcaEXPONENT"        text="Geschwindigkeitsabhängigkeit"/>
		<text name="vcaSTEERING"        text="Adaptive Lenkung"/>
		<text name="vcaSHUTTLE"         text="Shuttle Control"/>
		<text name="vcaREVERSE"         text="Zurückblicken"/>
		<text name="vcaREVERSEI"        text="Zurückblicken (innen)"/>
		<text name="vcaREVERSEO"        text="Zurückblicken (außen)"/>
		<text name="vcaLIMIT"           text="Gasbegrenzer"/>
		<text name="vcaPEEKLR"          text="Nur ein kurzer Blick"/>
		<text name="vcaANGLE"           text="Rastersteuerung"/>
		<text name="vcaBRAKE"           text="Niedrige Bremskraft"/>
		<text name="vcaTRANSMISSION"    text="Getriebe"/>
		<text name="vcaMAXSPEED"        text="Übersetzung"/>
		<text name="vcaLIMSPEED"        text="Geschwindigkeitsbegrenzer"/>
		<text name="vcaAUTOSHIFT"       text="Automatik"/>
		<text name="vcaLAUNCH"          text="Startgang"/>
		<text name="vcaKEEPSPEED"       text="Geschwindigkeit permanent halten"/>
		<text name="vcaNO_ARB"          text="Freies Lenken"/>
		<text name="vcaHANDTHROTTLE"    text="Handgas"/>
		<text name="vcaPITCH"           text="Tonhöhe bei Maximaldrehzahl"/>
		<text name="vcaSETTINGS"        text="Einstellungen"/>
		<text name="vcaDRAWHUD"         text="Getriebe HUD"/>
		                                
		<text name="vca_tip_CAMERAI"    text="Die innere Kamera dreht sich passend zum Lenkeinschlag automatisch mit."/>
		<text name="vca_tip_CAMERAO"    text="Die äußere Kamera dreht sich passend zum Lenkeinschlag automatisch mit."/>
		<text name="vca_tip_EXPONENT"   text="Geschwindigkeitsabhängigkeit der adaptiven Lenkung"/>
		<text name="vca_tip_STEERING"   text="Die adaptive Lenkung verändert je nach Geschwindigkeit die Rückstellgeschwindigkeit und den maximalen Lenkwinkel"/>
		<text name="vca_tip_SHUTTLE"    text="Fahrtrichtung mit Leertaste wechseln"/>
		<text name="vca_tip_REVERSEI"   text="Beim Wechsel zwischen Vorwärts- und Rückwärtsfahrt wird automatisch die innere Kamera um 180° gedrecht"/>
		<text name="vca_tip_REVERSEO"   text="Beim Wechsel zwischen Vorwärts- und Rückwärtsfahrt wird automatisch die äußere Kamera um 180° gedrecht"/>
		<text name="vca_tip_LIMIT"      text="Gasbegrenzer mit linker Umschalttaste"/>
		<text name="vca_tip_PEEKLR"     text="Mit Umschalt-Rechts und Pfeiltasten nur einen kurzen Blick nach hinten/rechts/links werfen"/>
		<text name="vca_tip_ANGLE"      text="Automatisch in Richtung des Einrastwinkels lenken"/>
		<text name="vca_tip_BRAKE"      text="Niedrige Bremskraft in Prozent / Rollwiderstand"/>
		<text name="vca_tip_TRANSMISSION" text="Typ des Getriebes; IVT ist ein stufenloses Getriebe, die anderen Getriebe haben 12 verschiedene Gänge, 2x6 eignet sich am besten für LKWs"/>
		<text name="vca_tip_MAXSPEED"   text="Höchstgeschwindigkeit, die im höchsten Gang erreicht werdern kann"/>
		<text name="vca_tip_LIMSPEED"   text="Begrenzung der Höchtstgeschwindigkeit auf den Standardwert des Fahrzeugs"/>
		<text name="vca_tip_AUTOSHIFT"  text="Automatische Schaltung von Gängen und Gruppen"/>
		<text name="vca_tip_LAUNCH"     text="Geschwindigkeit des Ganges, der zum Anfahren benutzt wird"/>
		<text name="vca_tip_KEEPSPEED"  text="Falls ständiges Halten der Geschwindigkeit aktiviert ist, dann fährt das Fahrzeug quasi immer mit Tempomat. Das entspricht dem Fahrhebel in modernen Traktoren."/>
		<text name="vca_tip_NO_ARB"      text="Falls freies Lenken aktiviert ist, dann lenkt das Fahrzeug nicht selbständig zurück auf Geradeaus"/>
		<text name="vca_tip_HANDTHROTTLE" text="Der Motor beschleunigt automatisch bis zur gewählten Drehzahl"/>
		<text name="vca_tip_PITCH"      text="Tonhöhe bei Maximaldrehzahl"/>
		<text name="vca_tip_DRAWHUD"    text="HUD für Getriebe ein-/ausblenden"/>

		<text name="input_vcaSETTINGS"  text="VCA: Einstellungen"/>
		<text name="input_vcaUP"        text="VCA: Blickrichtung wechseln oder nach vorne schauen"/>
		<text name="input_vcaDOWN"      text="VCA: In die andere Richtung blicken / nach hinten schauen"/>
		<text name="input_vcaLEFT"      text="VCA: Nach links schauen"/>
		<text name="input_vcaRIGHT"     text="VCA: Nach rechts schauen"/>
		<text name="input_vcaDIRECTION" text="VCA: Fahrtrichtung wechseln"/>
		<text name="input_vcaFORWARD"   text="VCA: Fahrtrichtung vorwärts"/>
		<text name="input_vcaREVERSE"   text="VCA: Fahrtrichtung rückwärts"/>
		<text name="input_vcaSNAP"      text="VCA: Fahrtrichtung am Raster ausrichten"/>
		<text name="input_vcaSNAPRESET" text="VCA: Fahrtrichtung nicht am Raster ausrichten"/>
		<text name="input_vcaSnapUP"    text="VCA: Raster nach links drehen"/>
		<text name="input_vcaSnapDOWN"  text="VCA: Raster nach rechts drehen"/>
		<text name="input_vcaSnapLEFT"  text="VCA: Raster links"/>
		<text name="input_vcaSnapRIGHT" text="VCA: Raster rechts"/>
		<text name="input_vcaNO_ARB"    text="VCA: Kein zurück Lenken"/>
		<text name="input_vcaINCHING"   text="VCA: Langsamer"/>
		<text name="input_vcaKEEPSPEED" text="VCA: Geschwindigkeit halten"/>
		<text name="input_vcaKEEPSPEED2" text="VCA: Geschwindigkeit permanent halten"/>
		<text name="input_vcaSWAPSPEED" text="VCA: Tempomatgeschindigkeit wechseln"/>
		<text name="input_vcaGearUp"    text="VCA: Gang hoch"/>
		<text name="input_vcaGearDown"  text="VCA: Gang runter"/>
		<text name="input_vcaRangeUp"   text="VCA: Gruppe hoch"/>
		<text name="input_vcaRangeDown" text="VCA: Gruppe runter"/>
		<text name="input_vcaNeutral"   text="VCA: Leerlauf an/aus"/>
		<text name="input_vcaClutch"    text="VCA: Kupplungsachse"/>
		<text name="input_vcaShifter1"  text="VCA: G27/G29 Gang 1"/>
		<text name="input_vcaShifter2"  text="VCA: G27/G29 Gang 2"/>
		<text name="input_vcaShifter3"  text="VCA: G27/G29 Gang 3"/>
		<text name="input_vcaShifter4"  text="VCA: G27/G29 Gang 4"/>
		<text name="input_vcaShifter5"  text="VCA: G27/G29 Gang 5 / Gruppe runter"/>
		<text name="input_vcaShifter6"  text="VCA: G27/G29 Gang 6 / Gruppe hoch"/>
		<text name="input_vcaShifter7"  text="VCA: G27/G29 Gang 7 / Rückwärtsgang"/>
		<text name="input_vcaShifter8"  text="VCA: G27/G29 Gang 8"/>
		<text name="input_vcaShifter9"  text="VCA: G27/G29 Gang 9 / Rückwärtsgang"/>
		<text name="input_vcaShifterLH" text="VCA: G27/G29 Gang Splitter"/>
		<text name="input_vcaHandRpm"   text="VCA: Handgas Drehzahl"/>
		<text name="input_vcaHandRpm_1" text="VCA: mehr Handgas"/>
		<text name="input_vcaHandRpm_2" text="VCA: weniger Handgas"/>
		<text name="input_vcaHandMode"  text="VCA: Handgas Modus"/>
	</texts>   

	<longTexts>
		<longText name="vca_Help_1">
<![CDATA[
Dieses Script variiert abhängig von der gefahrenen Geschwindigkeit die Lenkgeschwindigkeit und dreht die Kamera passend zum Lenkeinschlag und zur Fahrtrichtung. 

Mit Umschalt-Llinks wird das Gaspedal, der Tempomat und die maximale Drehzahl auf 75% begrenzt. Mit Umschalt-Rechts und den Pfeiltasten kann man in die entsprechende Richtung blicken. 

Drückt man Strg Links zusammen mit W, dann richtet sich die Fahrtrichtung an festen Richtungen aus.

Alle Funktionen lassen sich auch wieder ausschalten.]]>
		</longText>
	</longTexts>
</l10n>