﻿<?xml version="1.0" encoding="utf-8" standalone="no" ?>
<modDesc descVersion="53">
	<author>mogli</author>
	<title>
		<en>Vehicle Control Addon</en>
	</title>
	<description>
		<en><![CDATA[This script varies the steering speed depending on the speed you are driving, and it rotates the camera to match the steering angle and direction.
Shift-Left limits throttle, cruise control and maximum rounds per minute to 75%. With Shift-right and the cursor keys you can peek in the corresponding direction.
If you press Ctrl left together with W then the driving direction snaps to fixed directions.

All functions are switchable with the following default key combinations:
[Ctrl Left + C]: Settings
[Ctrl Left + W]: Snap Angle (continue)
[Alt Left + W]: Snap Angle (restart)
[Shift Left]: Throttle limiter / reduced cruise control speed
[Shift Right + Cursor]: look forward, backwards, left right
[Space]: Change direction (aka shuttle control)
[[]: Gear up 
[']: Gear down 
[]]: Range up 
[#]: Range down 
[;]: Neutral and handbrake 

Changelog version 1.1.0.0:
- Differentials, all wheel drive and real two wheel drive
- Raise, lower and turn on/off tools in the front or back
- Many small fixes, adjustments and improvements
Changelog version 1.1.1.0:
- Bug fix loading clutch mode from savegame
- Improved automatic clutch
- Display of handthrottle in speed meter
- warnings in info box
Changelog version 1.2.0.0
- Rework of clutch
- Rework of automatic gear shifting
- Load and save of own transmission configurations
- Only the master user can change some settings
- Possibility to overwrite speed limits
- Possibility to overwrite rated power and torque curve]]></en>
		<de><![CDATA[Dieses Script variiert abhängig von der gefahrenen Geschwindigkeit die Lenkgeschwindigkeit und dreht die Kamera passend zum Lenkeinschlag und zur Fahrtrichtung. 
Mit Umschalt-Llinks wird das Gaspedal, der Tempomat und die maximale Drehzahl auf 75% begrenzt. Mit Umschalt-Rechts und den Pfeiltasten kann man in die entsprechende Richtung blicken. 
Drückt man Strg Links zusammen mit W, dann richtet sich die Fahrtrichtung an festen Richtungen aus.

Alle Funktionen lassen sich auch wieder ausschalten, und zwar mit folgenden Tasten:
[Strg Links + C]: Einstellungen
[Strg Links + W]: Rastersteuerung fortsetzen
[Alt Links + W]: Rastersteuerung neu starten
[Umschalt Links]: Gaspedalbegrenzer / verringerter Tempomatgeschwindigkeit
[Umschalt Rechts + Pfeiltaste]: Nach vorne, hinten, links, rechts blicken
[Leertaste]: Fahrtrichtung wechseln
[Ü]: Gang hochschalten
[Ä]: Gang herunterschalten
[+]: Gruppe hochschalten 
[#]: Gruppe herunterschalten 
[ö]: Neutral / Parkbremse

Änderungsliste Versoin 1.1.0.0:
- Differentials, Allradantriebe und echter Einachsantrieb
- Heben, Senken und Aktivieren der vorderen und hinteren Geräte
- Viele kleine Korrekturen, Anpassungen und Verbesserungen
Änderungsliste Versoin 1.1.1.0:
- Korrektur Kupplungsmodus wird nicht aus Savegame geladen
- Verbesserung der automatischen Kupplung
- Handgas-Anzeige im SpeedMeter
- Warnungen in InfoBox
Änderungsliste Versoin 1.2.0.0:
- Kupplung überarbeitet
- Korrekturen an automatischer Gangschaltung
- Sichern und Laden von eigenen Getriebekonfigurationen
- Nur der Hauptbenutzer kann bestimmte Einstellungen ändern
- Möglichkeit zum Überschreiben der maximalen Geschwindigkeit
- Möglichkeit zum Überschreiben der Nennleistung und des Drehmomentverlaufs]]></de>
	</description>
	<multiplayer supported="true"/>   
	<iconFilename>store.dds</iconFilename>
	<version>1.2.0.0</version>
	<l10n filenamePrefix="modDesc_l10n">
		<text name="vcaVERSION">          
			<en>Vehicle Control Addon</en>
		</text>
	</l10n>
	
	<actions>
		<action name="vcaSETTINGS"  category="VEHICLE" axisType="HALF"/>
		<action name="vcaUP"        category="VEHICLE" axisType="HALF"/>
		<action name="vcaDOWN"      category="VEHICLE" axisType="HALF"/>
		<action name="vcaLEFT"      category="VEHICLE" axisType="HALF"/>
		<action name="vcaRIGHT"     category="VEHICLE" axisType="HALF"/>
		<action name="vcaSnapUP"    category="VEHICLE" axisType="HALF"/>
		<action name="vcaSnapDOWN"  category="VEHICLE" axisType="HALF"/>
		<action name="vcaSnapLEFT"  category="VEHICLE" axisType="HALF"/>
		<action name="vcaSnapRIGHT" category="VEHICLE" axisType="HALF"/>
		<action name="vcaDIRECTION" category="VEHICLE" axisType="HALF"/>
		<action name="vcaFORWARD"   category="VEHICLE" axisType="HALF"/>
		<action name="vcaREVERSE"   category="VEHICLE" axisType="HALF"/>
		<action name="vcaSNAP"      category="VEHICLE" axisType="HALF"/>
		<action name="vcaSNAPRESET" category="VEHICLE" axisType="HALF"/>
		<action name="vcaSNAPDIST"  category="VEHICLE" axisType="HALF"/>
		<action name="vcaNO_ARB"    category="VEHICLE" axisType="HALF"/>
		<action name="vcaINCHING"   category="VEHICLE" axisType="HALF"/>
		<action name="vcaKEEPROT"   category="VEHICLE" axisType="HALF"/>
		<action name="vcaKEEPROT2"  category="VEHICLE" axisType="HALF"/>
		<action name="vcaKEEPSPEED" category="VEHICLE" axisType="HALF"/>
		<action name="vcaKEEPSPEED2" category="VEHICLE" axisType="HALF"/>
		<action name="vcaSWAPSPEED" category="VEHICLE" axisType="HALF"/>
		<action name="vcaGearUp"    category="VEHICLE" axisType="HALF"/>
		<action name="vcaGearDown"  category="VEHICLE" axisType="HALF"/>
		<action name="vcaRangeUp"   category="VEHICLE" axisType="HALF"/>
		<action name="vcaRangeDown" category="VEHICLE" axisType="HALF"/>
		<action name="vcaNeutral"   category="VEHICLE" axisType="HALF"/>
		<action name="vcaNeutral0"  category="VEHICLE" axisType="HALF"/>
		<action name="vcaNeutral1"  category="VEHICLE" axisType="HALF"/>
		<action name="vcaShifter1"  category="VEHICLE" axisType="HALF"/>
		<action name="vcaShifter2"  category="VEHICLE" axisType="HALF"/>
		<action name="vcaShifter3"  category="VEHICLE" axisType="HALF"/>
		<action name="vcaShifter4"  category="VEHICLE" axisType="HALF"/>
		<action name="vcaShifter5"  category="VEHICLE" axisType="HALF"/>
		<action name="vcaShifter6"  category="VEHICLE" axisType="HALF"/>
		<action name="vcaShifter7"  category="VEHICLE" axisType="HALF"/>
		<action name="vcaShifter8"  category="VEHICLE" axisType="HALF"/>
		<action name="vcaShifter9"  category="VEHICLE" axisType="HALF"/>
		<action name="vcaShifterLH" category="VEHICLE" axisType="HALF"/>
		<action name="vcaClutch"    category="VEHICLE" axisType="HALF"/>
		<action name="vcaHandRpm"   category="VEHICLE" axisType="FULL"/>
		<action name="vcaManRatio"  category="VEHICLE" axisType="FULL"/>
		<action name="vcaHandMode"  category="VEHICLE" axisType="HALF"/>
		<action name="vcaAutoShift" category="VEHICLE" axisType="HALF"/>
		<action name="vcaDiffLockF" category="VEHICLE" axisType="HALF"/>
		<action name="vcaDiffLockM" category="VEHICLE" axisType="HALF"/>
		<action name="vcaDiffLockB" category="VEHICLE" axisType="HALF"/>
		<action name="vcaLowerF"    category="VEHICLE" axisType="HALF"/>
		<action name="vcaLowerB"    category="VEHICLE" axisType="HALF"/>
		<action name="vcaActivateF" category="VEHICLE" axisType="HALF"/>
		<action name="vcaActivateB" category="VEHICLE" axisType="HALF"/>
		<action name="vcaMenuAction1" axisType="HALF"/>
		<action name="vcaMenuAction2" axisType="HALF"/>
		<action name="vcaMenuAction3" axisType="HALF"/>
		<action name="vcaMenuAction4" axisType="HALF"/>
	</actions>
	<inputBinding>
		<actionBinding action="vcaSETTINGS">	
			<binding device="KB_MOUSE_DEFAULT" input="KEY_lctrl KEY_c"/>
		</actionBinding>	
		<actionBinding action="vcaUP">	
			<binding device="KB_MOUSE_DEFAULT" input="KEY_rshift KEY_up"/>
		</actionBinding>	
		<actionBinding action="vcaDOWN">	
			<binding device="KB_MOUSE_DEFAULT" input="KEY_rshift KEY_down"/>
		</actionBinding>	
		<actionBinding action="vcaLEFT">	
			<binding device="KB_MOUSE_DEFAULT" input="KEY_rshift KEY_left"/>
		</actionBinding>	
		<actionBinding action="vcaRIGHT">	
			<binding device="KB_MOUSE_DEFAULT" input="KEY_rshift KEY_right"/>
		</actionBinding>	
		<actionBinding action="vcaSnapUP">	
			<binding device="KB_MOUSE_DEFAULT" input="KEY_lctrl KEY_up"/>
		</actionBinding>	                                                
		<actionBinding action="vcaSnapDOWN">	                            
			<binding device="KB_MOUSE_DEFAULT" input="KEY_lctrl KEY_down"/>
		</actionBinding>	                                                
		<actionBinding action="vcaSnapLEFT">	                            
			<binding device="KB_MOUSE_DEFAULT" input="KEY_lctrl KEY_left"/>
		</actionBinding>	
		<actionBinding action="vcaSnapRIGHT">	
			<binding device="KB_MOUSE_DEFAULT" input="KEY_lctrl KEY_right"/>
		</actionBinding>	
		<actionBinding action="vcaDIRECTION">	
			<binding device="KB_MOUSE_DEFAULT" input="KEY_space"/>
		</actionBinding>	
		<actionBinding action="vcaSNAP">	
			<binding device="KB_MOUSE_DEFAULT" input="KEY_lctrl KEY_w"/>
		</actionBinding>	
		<actionBinding action="vcaSNAPRESET">	
			<binding device="KB_MOUSE_DEFAULT" input="KEY_lalt KEY_w"/>
		</actionBinding>	
		<actionBinding action="vcaSNAPDIST">	
			<binding device="KB_MOUSE_DEFAULT" input="KEY_lctrl KEY_lalt KEY_w"/>
		</actionBinding>	
		<actionBinding action="vcaINCHING">	
			<binding device="KB_MOUSE_DEFAULT" input="KEY_lshift"/>
		</actionBinding>	
		<actionBinding action="vcaGearUp">
			<binding device="KB_MOUSE_DEFAULT" input="KEY_leftbracket"/>
		</actionBinding>	
		<actionBinding action="vcaGearDown">
			<binding device="KB_MOUSE_DEFAULT" input="KEY_quote"/>
		</actionBinding>	
		<actionBinding action="vcaRangeUp">
			<binding device="KB_MOUSE_DEFAULT" input="KEY_rightbracket"/>
		</actionBinding>	
		<actionBinding action="vcaRangeDown">
			<binding device="KB_MOUSE_DEFAULT" input="KEY_backslash"/>
		</actionBinding>	
		<actionBinding action="vcaNeutral">
			<binding device="KB_MOUSE_DEFAULT" input="KEY_semicolon"/>
		</actionBinding>	
		<actionBinding action="vcaClutch">
			<binding device="KB_MOUSE_DEFAULT" input="KEY_period"/>
		</actionBinding>	
		<actionBinding action="vcaKEEPROT">
			<binding device="KB_MOUSE_DEFAULT" input="KEY_insert"/>
		</actionBinding>	
		<actionBinding action="vcaKEEPROT2">
			<binding device="KB_MOUSE_DEFAULT" input="KEY_lctrl KEY_insert"/>
		</actionBinding>	
		<actionBinding action="vcaKEEPSPEED">
			<binding device="KB_MOUSE_DEFAULT" input="KEY_delete"/>
		</actionBinding>	
		<actionBinding action="vcaKEEPSPEED2">
			<binding device="KB_MOUSE_DEFAULT" input="KEY_lctrl KEY_delete"/>
		</actionBinding>	
		<actionBinding action="vcaSWAPSPEED">
			<binding device="KB_MOUSE_DEFAULT" input="KEY_4"/>
		</actionBinding>	
		<actionBinding action="vcaHandRpm">
			<binding device="KB_MOUSE_DEFAULT" input="KEY_equals" axisComponent="+"/>
			<binding device="KB_MOUSE_DEFAULT" input="KEY_minus"  axisComponent="-"/>
		</actionBinding>	
		<actionBinding action="vcaManRatio">
			<binding device="KB_MOUSE_DEFAULT" input="KEY_lshift KEY_equals" axisComponent="+"/>
			<binding device="KB_MOUSE_DEFAULT" input="KEY_lshift KEY_minus"  axisComponent="-"/>
		</actionBinding>	
		<actionBinding action="vcaHandMode">
			<binding device="KB_MOUSE_DEFAULT" input="KEY_lctrl KEY_equals"/>
		</actionBinding>	
		<actionBinding action="vcaAutoShift">
			<binding device="KB_MOUSE_DEFAULT" input="KEY_lctrl KEY_leftbracket"/>
		</actionBinding>	
		<actionBinding action="vcaDiffLockF">
			<binding device="KB_MOUSE_DEFAULT" input="KEY_lctrl KEY_rightbracket"/>
		</actionBinding>	
		<actionBinding action="vcaDiffLockM">
			<binding device="KB_MOUSE_DEFAULT" input="KEY_lctrl KEY_quote"/>
		</actionBinding>	
		<actionBinding action="vcaDiffLockB">
			<binding device="KB_MOUSE_DEFAULT" input="KEY_lctrl KEY_backslash"/>
		</actionBinding>	
		<actionBinding action="vcaLowerF">
			<binding device="KB_MOUSE_DEFAULT" input="KEY_lshift KEY_v"/>
		</actionBinding>	
		<actionBinding action="vcaLowerB">
			<binding device="KB_MOUSE_DEFAULT" input="KEY_rshift KEY_v"/>
		</actionBinding>	
		<actionBinding action="vcaActivateF">
			<binding device="KB_MOUSE_DEFAULT" input="KEY_lshift KEY_b"/>
		</actionBinding>	
		<actionBinding action="vcaActivateB">
			<binding device="KB_MOUSE_DEFAULT" input="KEY_rshift KEY_b"/>
		</actionBinding>	
		<actionBinding action="vcaMenuAction1">
			<binding device="KB_MOUSE_DEFAULT" input="KEY_s"/>
		</actionBinding>	
		<actionBinding action="vcaMenuAction2">
			<binding device="KB_MOUSE_DEFAULT" input="KEY_l"/>
		</actionBinding>	
		<actionBinding action="vcaMenuAction3">
			<binding device="KB_MOUSE_DEFAULT" input="KEY_d"/>
		</actionBinding>	
		<actionBinding action="vcaMenuAction4">
			<binding device="KB_MOUSE_DEFAULT" input="KEY_x"/>
		</actionBinding>	
	</inputBinding>
	
	<extraSourceFiles>
		<sourceFile filename="vehicleControlAddon.lua"/>
		<sourceFile filename="gui/vehicleControlAddonFrame.lua"/>
		<sourceFile filename="gui/vehicleControlAddonFrame1.lua"/>
		<sourceFile filename="gui/vehicleControlAddonFrame2.lua"/>
		<sourceFile filename="gui/vehicleControlAddonFrame3.lua"/>
		<sourceFile filename="gui/vehicleControlAddonFrame4.lua"/>
		<sourceFile filename="gui/vehicleControlAddonFrame5.lua"/>
		<sourceFile filename="gui/vehicleControlAddonFrame6.lua"/>
		<sourceFile filename="gui/vehicleControlAddonMenu.lua"/>
		<sourceFile filename="gui/vehicleControlAddonDialog1.lua"/>
		<sourceFile filename="gui/vehicleControlAddonDialog2.lua"/>
		<sourceFile filename="vehicleControlAddonRegister.lua"/>
	</extraSourceFiles>    
</modDesc>
