﻿<?xml version="1.0" encoding="utf-8" standalone="no" ?>
<l10n>
    <translationContributors>leo32128fs</translationContributors>
	
    <!-- Note that 'description' is only here for easier translations. It needs to be manually copied to ModDesc.XML later. --> 
	<description><![CDATA[Adds the specialization for adaptive keyboard steering]]></description>

	<texts>
		<text name="vcaCAMERAI"         text="Rotação da câmera Interna "/>
		<text name="vcaCAMERAO"         text="Rotação da câmera Externa"/>
		<text name="vcaEXPONENT"        text="Sensibilidade"/>
		<text name="vcaSTEERING"        text="Direção adaptativa"/>
		<text name="vcaSHUTTLE"         text="Câmbio"/>
		<text name="vcaREVERSE"         text="Olhar para trás"/>
		<text name="vcaREVERSEI"        text="Olhar para trás (Dentro)"/>
		<text name="vcaREVERSEO"        text="Olhar para trás (Fora)"/>
		<text name="vcaLIMIT"           text="Limitador de aceleração"/>
		<text name="vcaPEEKLR"          text="Olhar para o lado"/>
		<text name="vcaANGLE"           text="Ângulo de Acionamento"/>
		<text name="vcaBRAKE"           text="Baixa força de frenagem"/>
		<text name="vcaTRANSMISSION"    text="transmissão"/>
		<text name="vcaMAXSPEED"        text="Velocidade do eixo"/>
		<text name="vcaLIMSPEED"        text="Limitador de velocidade"/>
		<text name="vcaAUTOSHIFT"       text="Automático"/>
		<text name="vcaLAUNCH"          text="Velocidade da engrenagem de lançamento"/>
		<text name="vcaKEEPSPEED"       text="Manter a velocidade permanente"/>
		<text name="vcaNO_ARB"          text="Direção livre"/>
		<text name="vcaHANDTHROTTLE"    text="Acelerador de mão"/>
		<text name="vcaPITCH"           text="Tom do som no máx. RPM"/>
		<text name="vcaSETTINGS"        text="Configurações"/>
		<text name="vcaDRAWHUD"         text="HUD da transmissão"/>

		<text name="vcaDISTANCE"        text="Largura de trabalho"/>
		<text name="vcaOFFSET1"         text="Compensação da ferramenta"/>
		<text name="vcaOFFSET2"         text="Deslocamento inverso"/>
		<text name="vcaDRAWMARKER"      text="Desenhe um marcador de direção instantânea"/>
		<text name="vcaPITCH1"          text="Tom de som linear"/>
		<text name="vcaPITCH2"          text="Tom de som médio RPM"/>
		<text name="vcaBLOWOFFVOL"      text="Volume de wastegate turbo"/>
		<text name="vcaSINGLEREV"       text="Engrenagem única de inversão"/>
		<text name="vcaAUTOCLUTCH"      text="Embreagem automática"/>
		<text name="vcaTURBOCLUTCH"     text="Embreagem turbo"/>
		<text name="vcaGEARRATIOF"      text="Min. limite de velocidade da engrenagem"/>
		<text name="vcaGEARRATIOT"      text="Max. limite de velocidade da engrenagem"/>
		<text name="vcaG27MODE"         text="G27/G29 modo de mudança"/>
		<text name="vcaHIREDWORKER"     text="Transmissão e trabalhador contratado"/>
		<text name="vcaOWNMINSPEED"     text="Velocidade da 1ª marcha"/>
		<text name="vcaOWNMINRANGE"     text="Velocidade da 1ª marcha e da 1ª caixa -"/>
		<text name="vcaOWNMAXRANGE"     text="Velocidade de engrenagem da 2ª maior caixa -"/>
		<text name="vcaOWNGEARS"        text="Número de marchas"/>
		<text name="vcaOWNRANGES"       text="Número de caixas"/>
		<text name="vcaOWNGEARTIME"     text="Hora de mudar de marcha"/>
		<text name="vcaOWNRANGETIME"    text="Hora de mudar de caixa"/>
		<text name="vcaOWNAUTOGEARS"    text="Engrenagens automáticas"/>
		<text name="vcaOWNAUTORANGE"    text="Caixas automáticas"/>
		<text name="vcaOWNREVGEARS"     text="Engrenagens reversas"/>
		<text name="vcaOWNREVRANGE"     text="Caixas invertidas"/>
		<text name="vcaOWNREVRATIO"     text="Relação reversa"/>
		<text name="vcaOWNSPLITG27"     text="Divida as marchas G27"/>

		<text name="vcaAntiSlip"        text="Controle de tração"/>
		<text name="vcaDiffManual"      text="Tração manual e diferenciais"/>
		<text name="vcaDiffFrontAdv"    text="Velocidade de avanço do eixo dianteiro"/>
		<text name="vcaDiffLockSwap"    text="Trocar os eixos dianteiro e traseiro"/>
		<text name="vcaHudX"            text="Posição do Hud x"/>
		<text name="vcaHudY"            text="Posição do Hud y"/>
		<text name="vcaHIREDWORKER2"    text="Diferenciais e trabalhador contratado"/>
		
		<text name="vcaSPEEDLIMITF"     text="Limite de velocidade"/>
		<text name="vcaSPEEDLIMITB"     text="Velocidade máxima de inversão"/>
		<text name="vcaRATEDPOWER"      text="Potência nominal em HP"/>
		<text name="vcaTORQUECURVE"     text="Curva de torque mais realista"/>
		
		<text name="vca_tip_CAMERAI"      text="A câmera interior gira automaticamente de acordo com o ângulo de direção"/>
		<text name="vca_tip_CAMERAO"      text="A câmera externa gira automaticamente de acordo com o ângulo de direção"/>
		<text name="vca_tip_EXPONENT"     text="Sensibilidade da direção adaptativa em relação à velocidade no solo"/>
		<text name="vca_tip_STEERING"     text="A direção adaptável ajusta a rotação traseira automática e o ângulo máximo de direção"/>
		<text name="vca_tip_SHUTTLE"      text="Mude a direção de condução com &lt;espaço&gt; chave"/>
		<text name="vca_tip_REVERSEI"     text="Se o veículo mudar de direção, a câmera interior é girada por 180°"/>
		<text name="vca_tip_REVERSEO"     text="Se o veículo mudar de direção, a câmera externa é girada por 180°"/>
		<text name="vca_tip_LIMIT"        text="Limitador do acelerador sem e com a tecla shift esquerda"/>
		<text name="vca_tip_PEEKLR"       text="Dê uma olhada rápida com as teclas Shift-Right e as setas esquerda/direita"/>
		<text name="vca_tip_ANGLE"        text="Dirigir automaticamente para seguir o ângulo do GPS"/>
		<text name="vca_tip_BRAKE"        text="Baixo percentual de força de frenagem, também conhecido como resistência ao rolamento"/>
		<text name="vca_tip_TRANSMISSION" text="Tipo de transmissão; transmissão variável IVT, todas as outras transmissões têm 12 narchas diferentes, 2x6 é melhor para caminhões"/>
		<text name="vca_tip_MAXSPEED"     text="A velocidade máxima da engrenagem mais alta, pode ser mais rápida do que a velocidade máxima do veículo"/>
		<text name="vca_tip_LIMSPEED"     text="Limita a velocidade máxima do veículo a seu valor padrão"/>
		<text name="vca_tip_AUTOSHIFT"    text="Deslocamento automático de engrenagens e caixas"/>
		<text name="vca_tip_LAUNCH"       text="Velocidade nominal do equipamento de lançamento"/>
		<text name="vca_tip_KEEPSPEED"    text="Se a velocidade de controle permanente for ativada, então o pedal de aceleração se comporta como um joystick. Isto é como dirigir com controle de cruseiro."/>
		<text name="vca_tip_NO_ARB"       text="Se a direção livre for ativada, então a direção não voltará a girar automaticamente"/>
		<text name="vca_tip_HANDTHROTTLE" text="O motor acelera automaticamente para alcançar o acelerador manual RPM"/>
		<text name="vca_tip_PITCH"        text="Tom do som em RPM máximo"/>
		<text name="vca_tip_DRAWHUD"      text="Mostrar ou ocultar a transmissão HUD"/>
		
		<text name="vca_tip_DISTANCE"     text="Distância entre duas linhas de direção instantâneas"/>
		<text name="vca_tip_OFFSET1"      text="Deslocamento de linhas de direção instantâneas"/>
		<text name="vca_tip_OFFSET2"      text="Deslocamento inverso das linhas de acionamento instantâneo"/>
		<text name="vca_tip_DRAWMARKER"   text="Desenhe um marcador de direção instantânea"/>
		<text name="vca_tip_PITCH1"       text="Modificação do tom do som para torná-lo linear"/>
		<text name="vca_tip_PITCH2"       text="Tom de som médio RPM"/>
		<text name="vca_tip_BLOWOFFVOL"   text="Volume do turbo wastegate"/>
		<text name="vca_tip_SINGLEREV"    text="Com marcha à ré única, a transmissão usa uma única marcha à ré ou caixa reversa em vez do controle de vaivém"/>
		<text name="vca_tip_AUTOCLUTCH"   text="Embreagem automática"/>
		<text name="vca_tip_TURBOCLUTCH"  text="Embreagem turbo adicional"/>
		<text name="vca_tip_GEARRATIOF"   text="Min. Min. limite de velocidade da engrenagem"/>
		<text name="vca_tip_GEARRATIOT"   text="Max. Min. limite de velocidade da engrenagem"/>
		<text name="vca_tip_G27MODE"      text="G27/G29 modo de mudança"/>
		<text name="vca_tip_HIREDWORKER"  text="Controla se o trabalhador contratado opera o veículo com transmissão original ou modificada"/>
		<text name="vca_tip_OWNMINSPEED"  text="Velocidade da 1ª engrenagem na caixa mais alta"/>
		<text name="vca_tip_OWNMINRANGE"  text="Velocidade de engrenagem da 1ª marcha na 1ª caixa"/>
		<text name="vca_tip_OWNMAXRANGE"  text="Velocidade da engrenagem de maior velocidade na 2ª maior caixa"/>
		<text name="vca_tip_OWNGEARS"     text="Número de marchas"/>
		<text name="vca_tip_OWNRANGES"    text="Número de caixas"/>
		<text name="vca_tip_OWNGEARTIME"  text="Hora de mudar marcha"/>
		<text name="vca_tip_OWNRANGETIME" text="Hora de mudar caixa"/>
		<text name="vca_tip_OWNAUTOGEARS" text="Engrenagens automáticas e correspondência de velocidade"/>
		<text name="vca_tip_OWNAUTORANGE" text="Caixas automáticas e correspondência de velocidade"/>
		<text name="vca_tip_OWNREVGEARS"  text="Inverter marchas; tudo se vazio"/>
		<text name="vca_tip_OWNREVRANGE"  text="Inverter caixas; tudo se vazio"/>
		<text name="vca_tip_OWNREVRATIO"  text="Relação inversa"/>
		<text name="vca_tip_OWNSPLITG27"  text="O câmbio G27 divide as marchas. Se você tiver 12 marchas, o divisor alternará entre marchas pares e ímpares."/>
		
		<text name="vca_tip_AntiSlip"     text="O controle de tração freia as rodas individuais em caso de escorregamento"/>
		<text name="vca_tip_DiffManual"   text="Controle manual de tração em todas as rodas e diferenciais dianteiro e traseiro"/>
		<text name="vca_tip_DiffFrontAdv" text="Velocidade de avanço do eixo dianteiro se todas as rodas estiverem engatadas"/>
		<text name="vca_tip_DiffLockSwap" text="Trocar eixo dianteiro e traseiro"/>
		<text name="vca_tip_HudX"         text="Posição do Hud x"/>
		<text name="vca_tip_HudY"         text="Posição do Hud y"/>
		<text name="vca_tip_HIREDWORKER2" text="Controla se o trabalhador contratado opera o veículo com tração original ou modificada"/>
	
		<text name="vca_tip_SPEEDLIMITF"  text="Limite de velocidade do veículo"/>
		<text name="vca_tip_SPEEDLIMITB"  text="Limite de velocidade máxima do veículo em direção reversa"/>
		<text name="vca_tip_RATEDPOWER"   text="Cavalo de potência do veículo na classificação RPM"/>
		<text name="vca_tip_TORQUECURVE"  text="Curva de torque mais realista do veículo"/>
	
		<text name="input_vcaSETTINGS"  text="VCA: configurações"/>
		<text name="input_vcaUP"        text="VCA: alternar a direção da vista / bloquear para a frente"/>
		<text name="input_vcaDOWN"      text="VCA: espiar em outra direção de visão / bloquear para trás"/>
		<text name="input_vcaLEFT"      text="VCA: olhe para a esquerda"/>
		<text name="input_vcaRIGHT"     text="VCA: olhe para a direita"/>
		<text name="input_vcaDIRECTION" text="VCA: alternar a direção de condução"/>
		<text name="input_vcaFORWARD"   text="VCA: dirigir para frente"/>
		<text name="input_vcaREVERSE"   text="VCA: dirigir para trás"/>
		<text name="input_vcaSNAP"      text="VCA: mudar direção de condução"/>
		<text name="input_vcaSNAPRESET" text="VCA: redefinir direção instantânea de condução"/>
		<text name="input_vcaSnapUP"    text="VCA: girar a direção de condução à esquerda"/>
		<text name="input_vcaSnapDOWN"  text="VCA: girar a direção de condução à direita"/>
		<text name="input_vcaSnapLEFT"  text="VCA: condução esquerda"/>
		<text name="input_vcaSnapRIGHT" text="VCA: condução direita"/>
		<text name="input_vcaNO_ARB"    text="VCA: sem rotação automática de volta"/>
		<text name="input_vcaINCHING"   text="VCA: mover-se lentamente"/>
		<text name="input_vcaKEEPROT"   text="VCA: manter a direção global da câmera"/>
		<text name="input_vcaKEEPROT2"  text="VCA: manter direção da câmera permanente"/>
		<text name="input_vcaKEEPSPEED" text="VCA: mantenha a velocidade"/>
		<text name="input_vcaKEEPSPEED2" text="VCA: manter a velocidade permanente"/>
		<text name="input_vcaSWAPSPEED" text="VCA: velocidade de troca"/>
		<text name="input_vcaGearUp"    text="VCA: aumentar engrenagem"/>
		<text name="input_vcaGearDown"  text="VCA: reduzir engrenagem"/>
		<text name="input_vcaRangeUp"   text="VCA: aumentar caixa"/>
		<text name="input_vcaRangeDown" text="VCA: reduzir caixa"/>
		<text name="input_vcaNeutral"   text="VCA: neutro ligado/desligado"/>
		<text name="input_vcaNeutral0"  text="VCA: neutro deslgado"/>
		<text name="input_vcaNeutral1"  text="VCA: neutro ligado"/>
		<text name="input_vcaClutch"    text="VCA: eixo de embreagem"/> 
		<text name="input_vcaShifter1"  text="VCA: G27/G29 engrenagem 1"/>
		<text name="input_vcaShifter2"  text="VCA: G27/G29 engrenagem 2"/>
		<text name="input_vcaShifter3"  text="VCA: G27/G29 engrenagem 3"/>
		<text name="input_vcaShifter4"  text="VCA: G27/G29 engrenagem 4"/>
		<text name="input_vcaShifter5"  text="VCA: G27/G29 engrenagem 5 / aumentar caixa"/>
		<text name="input_vcaShifter6"  text="VCA: G27/G29 engrenagem 6 / reduzir caixa"/>
		<text name="input_vcaShifter7"  text="VCA: G27/G29 engrenagem 7 / marcha ré"/>
		<text name="input_vcaShifter8"  text="VCA: G27/G29 engrenagem 8"/>
		<text name="input_vcaShifter9"  text="VCA: G27/G29 engrenagem 9 / marcha ré"/>
		<text name="input_vcaShifterLH" text="VCA: G27/G29 divisor de engrenagem"/>
		<text name="input_vcaHandRpm"   text="VCA: acelerador de mão RPM"/>
		<text name="input_vcaHandRpm_1" text="VCA: Aumentar aceleração"/>
		<text name="input_vcaHandRpm_2" text="VCA: Diminuir aceleração"/>
		<text name="input_vcaHandMode"  text="VCA: modo de acelerador manual"/>
		<text name="input_vcaManRatio"  text="VCA: Vario manual"/>
		<text name="input_vcaManRatio_1" text="VCA: Vario mais rápido "/>
		<text name="input_vcaManRatio_2" text="VCA: Vario mais lento"/>
		<text name="input_vcaAutoShift" text="VCA: mudança automática lig/des"/>
		<text name="input_vcaDiffLockF" text="VCA: diferencial dianteiro (des)bloqueio"/>
		<text name="input_vcaDiffLockM" text="VCA: tração total/dianteira"/>
		<text name="input_vcaDiffLockB" text="VCA: Diferencial Traseiro (des)bloqueio"/>
		<text name="input_vcaLowerF"    text="VCA: abaixar/levantar ferramentas dianteiras "/>
		<text name="input_vcaLowerB"    text="VCA: abaixar/levantar ferramentas traseiras "/>
		<text name="input_vcaActivateF" text="VCA: (des)ativar ferramentas dianteiras "/>
		<text name="input_vcaActivateB" text="VCA: (des)ativar as ferramentas traseiras "/>
		
		<text name="vcaValueOn"         text="ligado"/>
		<text name="vcaValueOff"        text="desligado"/>
		<text name="vcaValueNever"      text="nunca"/>
		<text name="vcaValueAlways"     text="sempre"/>
		<text name="vcaValueAlwaysH"    text="sempre (alto)"/>
		<text name="vcaValueNormal"     text="normal"/>
		<text name="vcaValueEntered"    text="se inserido"/>
		<text name="vcaValueInactive"   text="se inativo"/>
		<text name="vcaValueInactiveH"  text="se inativo (alto)"/>
		<text name="vcaValueRPM"        text="RPM"/>

		<text name="vcaClutchMode_0"    text="automático"/>
		<text name="vcaClutchMode_1"    text="automático (rápido)"/>
		<text name="vcaClutchMode_2"    text="manual"/>
		<text name="vcaClutchMode_3"    text="turbo (rápido)"/>
		<text name="vcaClutchMode_4"    text="turbo (lento)"/>
		<text name="vcaClutchMode_5"    text="turbo (aberto)"/>
		<text name="vcaClutchMode_6"    text="turbo (manual)"/>

		<text name="vcaTorqueCurve_0"   text="padrão"/>
		<text name="vcaTorqueCurve_1"   text="moderno (aumento de 40%)"/>
		<text name="vcaTorqueCurve_2"   text="moderno (aumento de 50%)"/>
		<text name="vcaTorqueCurve_3"   text="motor de caminhão (aumento de 60%)"/>
		<text name="vcaTorqueCurve_4"   text="clássico (aumento de 20%)"/>
		<text name="vcaTorqueCurve_5"   text="clássico (aumento de 30%)"/>
		
		<text name="vcaButtonSnapWidth"  text="Detectar largura"/>
		<text name="vcaButtonSnapOffset" text="Trocar deslocamento"/>
	</texts>

	<longTexts>
		<longText name="vca_Help_1"><![CDATA[Direção e câmera

Este roteiro varia a velocidade de direção dependendo da velocidade que você está dirigindo, e gira a câmera para corresponder ao ângulo e direção da direção.
Com Shift-direita e as teclas do cursor você pode espreitar na direção correspondente.
Se você pressionar Ctrl à esquerda junto com W, então a direção de condução se encaixa em direções fixas.
Se você pressionar Ctrl à esquerda junto com W, então a direção de condução se encaixa em direções fixas.
Todas as funções podem ser desligadas.]]></longText>
		<longText name="vca_Help_2"><![CDATA[Aceleração e condução rápida

Shift-Left limita o acelerador, o controle de cruzeiro e as rodadas máximas por minuto em 75%.
Se você pressionar delete, o veículo manterá sua velocidade. A aceleração e o pedal do freio aumentam e diminuem a velocidade. O veículo anda como um trator moderno com joystick.
A modificação linear da afinação torna mais fácil ouvir o RPM.]]></longText>
		<longText name="vca_Help_3"><![CDATA[Transmissão

desligado: o redutor padrão sem personalização
IVT: Ainda o redutor padrão, mas com poucos ajustes na faixa de RPM permitida. Mais por vir...
4X4: Uma transmissoin antiquada com 4 marchas em 4 grupos e controle de vaivém. A troca de marchas leva tempo e você pode perder o impulso.
4PS: A mesma transmissoina como acima, mas com a mudança de força para as marchas
2X6: Dois grupos com 6 marchas. Esta transmissão é útil para as mudanças de marchas G27/G29. Há uma caixa baixa e uma caixa alta. As 6 marchas em cada caixa não se sobrepõem com as 6 marchas da outra caixa.
FPS: Full Power Shift: A transmissão tem 12 marchas e turnos sem interupção. 
6PS: Um John Deer AutoQuad. Esta transmissão tem 6 marchas. Cada marcha pode ser reduzida em cerca de 80%.
PKW: Uma transmissão de 6 velocidades para carros com caixa baixa 
VARIO: Uma transmissão Fendt Vario. É muito semelhante à IVT, mas tem uma caixa baixa e uma caixa alta
46A: Uma transmissão HexaShift classe. Ela possui 4 caixas manuais e 6 marchas automáticas de potência
OWN: Construa sua própria transmissão]]></longText>
		<longText name="vca_Help_4"><![CDATA[Configurações globais

As mudanças nas configurações globais não têm efeito sobre o veículo atual. Elas são salvas no arquivo modsSettings/FS19_VehicleControlAddon/config.xml.]]></longText>
		<longText name="vca_Help_5"><![CDATA[Construa sua própria transmissão

Aqui você pode configurar sua própria transmissão. As marchas podem ser trocadas automaticamente. 
A velocidade máxima na marcha mais alta pode ser apenas teórica. Você só pode alcançá-la sem limitador de velocidade. As relações entre marchas são calculadas a partir da velocidade máxima da 1ª marcha. 
As duas velocidades máximas da 2ª maior caixa são redundantes. Se você inserir um valor, o outro é alterado de acordo.]]></longText>
		<longText name="vca_Help_6"><![CDATA[Diferenciais e tração nas quatro rodas

Se a Se o VCA puder identificar os diferenciais, você terá a possibilidade de operá-los manualmente.
Você pode substituir os limites de velocidade para a direção para frente e para trás.
Se a curva de potência e torque não forem precisas o suficiente, você pode sobrescrevê-los aqui.
- padrão usa a curva de torque do veículo
- moderno com aumento de torque de 40% e pico de mais 7% do que a potência nominal
- moderno com aumento de torque de 50% e pico de mais 8% do que a potência nominal
- motor do caminhão, aumento de torque de 55% e potência de pico do torque máximo para RPM nominal
- clássico, aumento de torque de apenas 20%, potência de pico e RPM nominal
- clássico, mas aumento de torque de 30%, potência de pico 2% acima da potência nominal]]></longText>		
	</longTexts>
</l10n>
