﻿<?xml version="1.0" encoding="utf-8" standalone="no" ?>
<modDesc descVersion="42">
	<author>mogli</author>
	<title>
		<en>Vehicle Control Addon</en>
		<de>Vehicle Control Addon</de> 
	</title>
	<description>
		<en><![CDATA[
This script varies the steering speed depending on the speed you are driving, and it rotates the camera to match the steering angle and direction.
Shift-Left limits throttle, cruise control and maximum rounds per minute to 75%. With Shift-right and the cursor keys you can peek in the corresponding direction.
If you press Ctrl left together with W then the driving direction snaps to fixed directions.

All functions are switchable with the following default key combinations:
[Ctrl Left + C]: Settings
[Ctrl Left + W]: Snap Angle (continue)
[Alt Left + W]: Snap Angle (restart)
[Shift Left]: Throttle limiter / reduced cruise control speed
[Shift Right + Cursor]: look forward, backwards, left right
[Space]: Change direction (aka shuttle control)
]]></en>
		<de><![CDATA[
Dieses Script variiert abhängig von der gefahrenen Geschwindigkeit die Lenkgeschwindigkeit und dreht die Kamera passend zum Lenkeinschlag und zur Fahrtrichtung. 
Mit Umschalt-Llinks wird das Gaspedal, der Tempomat und die maximale Drehzahl auf 75% begrenzt. Mit Umschalt-Rechts und den Pfeiltasten kann man in die entsprechende Richtung blicken. 
Drückt man Strg Links zusammen mit W, dann richtet sich die Fahrtrichtung an festen Richtungen aus.

Alle Funktionen lassen sich auch wieder ausschalten, und zwar mit folgenden Tasten:
[Strg Links + C]: Einstellungen
[Strg Links + W]: Rastersteuerung
[Alt Links + W]: Rastersteuerung neu starten
[Umschalt Links]: Gaspedalbegrenzer / verringerter Tempomatgeschwindigkeit
[Umschalt Rechts + Pfeiltaste]: Nach vorne, hinten, links, rechts blicken
[Leertaste]: Fahrtrichtung wechseln
		]]></de>
	</description>
	<multiplayer supported="true"/>   
	<iconFilename>store.dds</iconFilename>
	<version>0.0.2.4</version>
	<l10n filenamePrefix="modDesc_l10n">
		<text name="vcaVERSION">
			<de>Vehicle Control Addon 0.0.2.4</de>
			<en>Vehicle Control Addon 0.0.2.4</en>
		</text>
	</l10n>
	
	<actions>
		<action name="vcaSETTINGS"  category="VEHICLE"/>
		<action name="vcaUP"        category="VEHICLE"/>
		<action name="vcaDOWN"      category="VEHICLE"/>
		<action name="vcaLEFT"      category="VEHICLE"/>
		<action name="vcaRIGHT"     category="VEHICLE"/>
		<action name="vcaDIRECTION" category="VEHICLE"/>
		<action name="vcaFORWARD"   category="VEHICLE"/>
		<action name="vcaREVERSE"   category="VEHICLE"/>
		<action name="vcaSNAP"      category="VEHICLE"/>
		<action name="vcaSNAPRESET" category="VEHICLE"/>
		<action name="vcaNO_ARB"    category="VEHICLE"/>
		<action name="vcaINCHING"   category="VEHICLE"/>
		<action name="vcaKEEPSPEED" category="VEHICLE"/>
		<action name="vcaSWAPSPEED" category="VEHICLE"/>
		<action name="vcaGearUp"    category="VEHICLE"/>
		<action name="vcaGearDown"  category="VEHICLE"/>
		<action name="vcaRangeUp"   category="VEHICLE"/>
		<action name="vcaRangeDown" category="VEHICLE"/>
		<action name="vcaNeutral"   category="VEHICLE"/>
		<action name="vcaShifter1"  category="VEHICLE"/>
		<action name="vcaShifter2"  category="VEHICLE"/>
		<action name="vcaShifter3"  category="VEHICLE"/>
		<action name="vcaShifter4"  category="VEHICLE"/>
		<action name="vcaShifter5"  category="VEHICLE"/>
		<action name="vcaShifter6"  category="VEHICLE"/>
		<action name="vcaShifter7"  category="VEHICLE"/>
		<action name="vcaShifterLH" category="VEHICLE"/>
		<action name="vcaClutch"    category="VEHICLE"/>
	</actions>
	<inputBinding>
		<actionBinding action="vcaSETTINGS">	
			<binding device="KB_MOUSE_DEFAULT" input="KEY_lctrl KEY_c"      axisComponent="+" inputComponent="+" index="1"/>
		</actionBinding>	
		<actionBinding action="vcaUP">	
			<binding device="KB_MOUSE_DEFAULT" input="KEY_rshift KEY_up"    axisComponent="+" inputComponent="+" index="1"/>
		</actionBinding>	
		<actionBinding action="vcaDOWN">	
			<binding device="KB_MOUSE_DEFAULT" input="KEY_rshift KEY_down"  axisComponent="+" inputComponent="+" index="1"/>
		</actionBinding>	
		<actionBinding action="vcaLEFT">	
			<binding device="KB_MOUSE_DEFAULT" input="KEY_rshift KEY_left"  axisComponent="+" inputComponent="+" index="1"/>
		</actionBinding>	
		<actionBinding action="vcaRIGHT">	
			<binding device="KB_MOUSE_DEFAULT" input="KEY_rshift KEY_right" axisComponent="+" inputComponent="+" index="1"/>
		</actionBinding>	
		<actionBinding action="vcaDIRECTION">	
			<binding device="KB_MOUSE_DEFAULT" input="KEY_space"            axisComponent="+" inputComponent="+" index="1"/>
		</actionBinding>	
		<actionBinding action="vcaSNAP">	
			<binding device="KB_MOUSE_DEFAULT" input="KEY_lctrl KEY_w"      axisComponent="+" inputComponent="+" index="1"/>
		</actionBinding>	
		<actionBinding action="vcaSNAPRESET">	
			<binding device="KB_MOUSE_DEFAULT" input="KEY_lalt KEY_w"       axisComponent="+" inputComponent="+" index="1"/>
		</actionBinding>	
		<actionBinding action="vcaINCHING">	
			<binding device="KB_MOUSE_DEFAULT" input="KEY_lshift"           axisComponent="+" inputComponent="+" index="1"/>
		</actionBinding>	
		<actionBinding action="vcaGearUp">
			<binding device="KB_MOUSE_DEFAULT" input="KEY_leftbracket"      axisComponent="+" inputComponent="+" index="1"/>
		</actionBinding>	
		<actionBinding action="vcaGearDown">
			<binding device="KB_MOUSE_DEFAULT" input="KEY_quote"            axisComponent="+" inputComponent="+" index="1"/>
		</actionBinding>	
		<actionBinding action="vcaRangeUp">
			<binding device="KB_MOUSE_DEFAULT" input="KEY_rightbracket"     axisComponent="+" inputComponent="+" index="1"/>
		</actionBinding>	
		<actionBinding action="vcaRangeDown">
			<binding device="KB_MOUSE_DEFAULT" input="KEY_backslash"        axisComponent="+" inputComponent="+" index="1"/>
		</actionBinding>	
		<actionBinding action="vcaNeutral">
			<binding device="KB_MOUSE_DEFAULT" input="KEY_semicolon"        axisComponent="+" inputComponent="+" index="1"/>
		</actionBinding>	
		<actionBinding action="vcaClutch">
			<binding device="KB_MOUSE_DEFAULT" input="KEY_period"        		axisComponent="+" inputComponent="+" index="1"/>
		</actionBinding>	
		<actionBinding action="vcaKEEPSPEED">
			<binding device="KB_MOUSE_DEFAULT" input="KEY_delete"           axisComponent="+" inputComponent="+" index="1"/>
		</actionBinding>	
		<actionBinding action="vcaSWAPSPEED">
			<binding device="KB_MOUSE_DEFAULT" input="KEY_4"                axisComponent="+" inputComponent="+" index="1"/>
		</actionBinding>	
	</inputBinding>
	
	<extraSourceFiles>
		<sourceFile filename="vehicleControlAddon.lua" />
		<sourceFile filename="vehicleControlAddonScreen.lua" />
		<sourceFile filename="vehicleControlAddonRegister.lua" />
	</extraSourceFiles>    
</modDesc>
