<?xml version="1.0" encoding="utf-8" standalone="no" ?>
<l10n>
	<!-- Note that 'description' is only here for easier translations. It needs to be manually copied to ModDesc.XML later. -->
	<description><![CDATA[Adiciona a especialização para direção de teclado adaptável]]></description>

	<texts>
		<text name="vcaCAMERAI"         text="Rotação Da camera Interior"/>
		<text name="vcaCAMERAO"         text="rotação Da Camera Exterior"/>
		<text name="vcaEXPONENT"        text="Sensibilidade"/>
		<text name="vcaSTEERING"        text="Direção Adaptativa "/>
		<text name="vcaSHUTTLE"         text="Transporte"/>
		<text name="vcaREVERSE"         text="Olhar para trás "/>
		<text name="vcaREVERSEI"        text="Olhar para trás  (dentro)"/>
		<text name="vcaREVERSEO"        text=" Olhar para trás (lado de fora)"/>
		<text name="vcaLIMIT"           text="Limitador de aceleração "/>
		<text name="vcaPEEKLR"          text="Olhadinha Lateralmente "/>
		<text name="vcaANGLE"           text="Ângulo de encaixe "/>
		<text name="vcaBRAKE"           text="Força de frenagem baixa "/>
		<text name="vcaTRANSMISSION"    text="Transmissão "/>
		<text name="vcaMAXSPEED"        text="Velocidade do eixo "/>
		<text name="vcaLIMSPEED"        text="Limitador de velocidade"/>
		<text name="vcaAUTOSHIFT"       text="Automática"/>
		<text name="vcaLAUNCH"          text="velocidade da engrenagem de lançamento"/>
		<text name="vcaKEEPSPEED"       text="Velocidade de manutenção permanente"/>
		<text name="vcaNO_ARB"          text="Direção livre"/>
		<text name="vcaHANDTHROTTLE"    text="Acelerador manual"/>
		<text name="vcaPITCH"           text="Tom do som no máximo. RPM"/>
		<text name="vcaSETTINGS"        text="Configurações"/>
		<text name="vcaDRAWHUD"         text="HUD Da Transmissão"/>
		
		<text name="vcaDISTANCE"        text="Largura de trabalho"/>
		<text name="vcaOFFSET1"         text="Offset de ferramenta"/>
		<text name="vcaOFFSET2"         text="Deslocamento inverso"/>
		<text name="vcaDRAWMARKER"      text="Desenhe marcador de direção instantânea"/>
		<text name="vcaPITCH1"          text="Tom de som linear"/>
		<text name="vcaPITCH2"          text="Tom de som médio RPM"/>
		<text name="vcaBLOWOFFVOL"      text="Volume do turbo wastegate"/>
		<text name="vcaSINGLEREV"       text="Engrenagem reversa simples"/>
		<text name="vcaAUTOCLUTCH"      text="Embreagem automática"/>
		<text name="vcaTURBOCLUTCH"     text="Embreagem turbo"/>
		<text name="vcaGEARRATIOF"      text="Min. limite de velocidade da engrenagem"/>
		<text name="vcaGEARRATIOT"      text="Max. limite de velocidade da engrenagem"/>
		<text name="vcaG27MODE"         text="G27/G29 modo shifter"/>
		<text name="vcaHIREDWORKER"     text="Transmissão e trabalhador contratado"/>
		<text name="vcaOWNMINSPEED"     text="Velocidade da engrenagem da 1ª marcha"/>
		<text name="vcaOWNMINRANGE"     text="Velocidade da engrenagem de 1ª marcha e 1ª faixa -"/>
		<text name="vcaOWNMAXRANGE"     text="Velocidade da engrenagem da 2ª faixa mais alta -"/>
		<text name="vcaOWNGEARS"        text="Número de marchas"/>
		<text name="vcaOWNRANGES"       text="Número de intervalos"/>
		<text name="vcaOWNGEARTIME"     text="hora de mudar de marcha"/>
		<text name="vcaOWNRANGETIME"    text="Hora de mudar de faixa"/>
		<text name="vcaOWNAUTOGEARS"    text="Engrenagens automáticas"/>
		<text name="vcaOWNAUTORANGE"    text="Faixas automáticas"/>
		<text name="vcaOWNREVGEARS"     text="Engrenagens reversas"/>
		<text name="vcaOWNREVRANGE"     text="Intervalos reversos"/>
		<text name="vcaOWNREVRATIO"     text="Relação reversa"/>
		<text name="vcaOWNSPLITG27"     text="Divida as marchas G27"/>

		<text name="vcaAntiSlip"        text="Controle de tração"/>
		<text name="vcaDiffManual"      text="AWD manual e diferenciais"/>
		<text name="vcaDiffFrontAdv"    text="Velocidade de avanço do eixo dianteiro"/>
		<text name="vcaDiffLockSwap"    text="Trocar eixo dianteiro e traseiro"/>
		<text name="vcaHudX"            text="Posição x de Hud"/>
		<text name="vcaHudY"            text="Posição y de Hud"/>
		<text name="vcaHIREDWORKER2"    text="Diferenciais e trabalhador contratado"/>
		
		<text name="vcaSPEEDLIMITF"     text="Limite de velocidade"/>
		<text name="vcaSPEEDLIMITB"     text="Velocidade máxima reversa"/>
		<text name="vcaRATEDPOWER"      text="Potência nominal em HP"/>
		<text name="vcaTORQUECURVE"     text="Curva de torque mais realista"/>
		
		<text name="vca_tip_CAMERAI"      text="A câmera interna gira automaticamente de acordo com o ângulo de direção "/>
		<text name="vca_tip_CAMERAO"      text="A câmera externa gira automaticamente de acordo com o ângulo de direção "/>
		<text name="vca_tip_EXPONENT"     text="Sensibilidade da direção adaptativa em relação à velocidade de avanço"/>
		<text name="vca_tip_STEERING"     text="A direção adaptativa ajusta a rotação traseira automática e o ângulo máximo de direção"/>
		<text name="vca_tip_SHUTTLE"      text="Alterar direção de direção com &lt;space&gt; key"/>
		<text name="vca_tip_REVERSEI"     text="Se o veículo mudar de direção, a câmera interna é girada 180°"/>
		<text name="vca_tip_REVERSEO"     text="Se o veículo mudar de direção, a câmera externa será girada 180°"/>
		<text name="vca_tip_LIMIT"        text="Limitador do acelerador sem e com a tecla shift esquerda"/>
		<text name="vca_tip_PEEKLR"       text="Dê uma olhada rápida com Shift-Right e as setas esquerda / direita"/>
		<text name="vca_tip_ANGLE"        text="Dirija automaticamente para seguir o ângulo de snap"/>
		<text name="vca_tip_BRAKE"        text="Porcentagem de força de frenagem baixa, também conhecida como resistência ao rolamento"/>
		<text name="vca_tip_TRANSMISSION" text="Tipo de transmissão; Transmissão variável IVT, todas as outras transmissões têm 12 marchas diferentes, 2x6 é a melhor para caminhões"/>
		<text name="vca_tip_MAXSPEED"     text="A velocidade máxima da marcha mais alta pode ser mais rápida do que a velocidade máxima do veículo"/>
		<text name="vca_tip_LIMSPEED"     text="Limita a velocidade máxima do veículo ao seu valor padrão"/>
		<text name="vca_tip_AUTOSHIFT"    text="Mudança automática de marchas e faixas"/>
		<text name="vca_tip_LAUNCH"       text="Velocidade nominal do equipamento de lançamento"/>
		<text name="vca_tip_KEEPSPEED"    text="Se a velocidade de manutenção permanente estiver ativada, o pedal de aceleração se comporta como um joystick. É como dirigir com controle de cruzeiro."/>
		<text name="vca_tip_NO_ARB"       text="Se a direção livre estiver habilitada, a direção não girará automaticamente para trás"/>
		<text name="vca_tip_HANDTHROTTLE" text="O motor acelera automaticamente para alcançar o acelerador manual RPM"/>
		<text name="vca_tip_PITCH"        text="Tom do som no máximo RPM"/>
		<text name="vca_tip_DRAWHUD"      text="Mostrar ou ocultar HUD da transmissão"/>
		
		<text name="vca_tip_DISTANCE"     text="Distância entre duas linhas de direção instantâneas"/>
		<text name="vca_tip_OFFSET1"      text="Deslocamento de linhas de direção instantâneas"/>
		<text name="vca_tip_OFFSET2"      text="Deslocamento inverso das linhas de acionamento instantâneo"/>
		<text name="vca_tip_DRAWMARKER"   text="Desenhe marcador de direção instantânea"/>
		<text name="vca_tip_PITCH1"       text="Modificação do tom do som para torná-lo linear"/>
		<text name="vca_tip_PITCH2"       text="Tom de som médio RPM"/>
		<text name="vca_tip_BLOWOFFVOL"   text="Volume do turbo wastegate"/>
		<text name="vca_tip_SINGLEREV"    text="Com reversão única, a transmissão usa uma única marcha reversa ou marcha reversa em vez do controle de transporte"/>
		<text name="vca_tip_AUTOCLUTCH"   text="Embreagem automática"/>
		<text name="vca_tip_TURBOCLUTCH"  text="Embreagem turbo adicional"/>
		<text name="vca_tip_GEARRATIOF"   text="Min. limite de velocidade da engrenagem"/>
		<text name="vca_tip_GEARRATIOT"   text="Max. limite de velocidade da engrenagem"/>
		<text name="vca_tip_G27MODE"      text="G27/G29 modo shifter "/>
		<text name="vca_tip_HIREDWORKER"  text="Controla se o contratado trabalhou opera o veículo com transmissão vanilla ou modificada"/>
		<text name="vca_tip_OWNMINSPEED"  text="Velocidade da engrenagem da 1ª marcha na faixa mais alta"/>
		<text name="vca_tip_OWNMINRANGE"  text="Velocidade da engrenagem da 1ª marcha na 1ª faixa"/>
		<text name="vca_tip_OWNMAXRANGE"  text="Velocidade de marcha da marcha mais alta na 2ª faixa mais alta"/>
		<text name="vca_tip_OWNGEARS"     text="Número de marchas"/>
		<text name="vca_tip_OWNRANGES"    text="Número de intervalos"/>
		<text name="vca_tip_OWNGEARTIME"  text="hora de mudar de marcha"/>
		<text name="vca_tip_OWNRANGETIME" text="Hora de mudar de faixa"/>
		<text name="vca_tip_OWNAUTOGEARS" text="Engrenagens automáticas e correspondência de velocidade"/>
		<text name="vca_tip_OWNAUTORANGE" text="Faixas automáticas e correspondência de velocidade"/>
		<text name="vca_tip_OWNREVGEARS"  text="Engrenagens reversas; tudo se vazio"/>
		<text name="vca_tip_OWNREVRANGE"  text="Intervalos reversos; tudo se vazio"/>
		<text name="vca_tip_OWNREVRATIO"  text="Relação reversa"/>
		<text name="vca_tip_OWNSPLITG27"  text="G27 shifter divide as engrenagens. Se você tiver 12 marchas, o divisor alternará entre marchas pares e ímpares."/>
		
		<text name="vca_tip_AntiSlip"     text="O controle de tração freia as rodas individuais em caso de escorregamento"/>
		<text name="vca_tip_DiffManual"   text="Controle manual de tração em todas as rodas e diferenciais dianteiro e traseiro"/>
		<text name="vca_tip_DiffFrontAdv" text="Velocidade de avanço do eixo dianteiro se todas as rodas estiverem engatadas"/>
		<text name="vca_tip_DiffLockSwap" text="Trocar eixo dianteiro e traseiro"/>
		<text name="vca_tip_HudX"         text="Posição do Hud x"/>
		<text name="vca_tip_HudY"         text="Posição do Hud y"/>
		<text name="vca_tip_HIREDWORKER2" text="Controla se o contratado trabalhou opera o veículo com diferencial vanilla ou modificados"/>
	
		<text name="vca_tip_SPEEDLIMITF"  text="Limite de velocidade do veículo"/>
		<text name="vca_tip_SPEEDLIMITB"  text="Limite de velocidade máxima do veículo em direção reversa"/>
		<text name="vca_tip_RATEDPOWER"   text="Cavalo de potência do veículo na classificação RPM"/>
		<text name="vca_tip_TORQUECURVE"  text="Curva de torque mais realista do veículo"/>
		                               
		<text name="input_vcaSETTINGS"  text="VCA: configurações"/>
		<text name="input_vcaUP"        text="VCA: alternar a direção / bloquear para a frente"/>
		<text name="input_vcaDOWN"      text="VCA: alternar a direção / bloquear para trás"/>
		<text name="input_vcaLEFT"      text="VCA: olhe para a esquerda"/>
		<text name="input_vcaRIGHT"     text="VCA: olhe para a direita"/>
		<text name="input_vcaDIRECTION" text="VCA: alternar direção de direção"/>
		<text name="input_vcaFORWARD"   text="VCA: dirigir para frente"/>
		<text name="input_vcaREVERSE"   text="VCA: dirigir para trás"/>
		<text name="input_vcaSNAP"      text="VCA: direção instantânea de direção"/>
		<text name="input_vcaSNAPRESET" text="VCA: redefinir direção instantânea de direção"/>
		<text name="input_vcaSnapUP"    text="VCA: girar a direção do snap para a esquerda"/>
		<text name="input_vcaSnapDOWN"  text="VCA: girar a direção do snap para a direita"/>
		<text name="input_vcaSnapLEFT"  text="VCA: vire à esquerda"/>
		<text name="input_vcaSnapRIGHT" text="VCA: vire à direita"/>
		<text name="input_vcaNO_ARB"    text="VCA: sem rotação automática de volta"/>
		<text name="input_vcaINCHING"   text="VCA: avançando"/>
		<text name="input_vcaKEEPROT"   text="VCA: manter a direção global da câmera"/>
		<text name="input_vcaKEEPROT2"  text="VCA: manter direção da câmera permanente"/>
		<text name="input_vcaKEEPSPEED" text="VCA: mantenha a velocidade"/>
		<text name="input_vcaKEEPSPEED2" text="VCA: velocidade de manutenção permanente"/>
		<text name="input_vcaSWAPSPEED" text="VCA: velocidade de troca"/>
		<text name="input_vcaGearUp"    text="VCA: engrenagem acima"/>
		<text name="input_vcaGearDown"  text="VCA: engrenagem para baixo"/>
		<text name="input_vcaRangeUp"   text="VCA: faixa acima"/>
		<text name="input_vcaRangeDown" text="VCA: faixa para baixo"/>
		<text name="input_vcaNeutral"   text="VCA: neutro ligado / desligado"/>
		<text name="input_vcaNeutral0"  text="VCA: neutro desligado"/>
		<text name="input_vcaNeutral1"  text="VCA: neutro ligado"/>
		<text name="input_vcaClutch"    text="VCA: eixo de embreagem"/> 
		<text name="input_vcaShifter1"  text="VCA: G27/G29 engrenagem 1"/>
		<text name="input_vcaShifter2"  text="VCA: G27/G29 engrenagem 2"/>
		<text name="input_vcaShifter3"  text="VCA: G27/G29 engrenagem 3"/>
		<text name="input_vcaShifter4"  text="VCA: G27/G29 engrenagem 4"/>
		<text name="input_vcaShifter5"  text="VCA: G27/G29 engrenagem 5 / faixa para baixo"/>
		<text name="input_vcaShifter6"  text="VCA: G27/G29 engrenagem 6 / faixa acima"/>
		<text name="input_vcaShifter7"  text="VCA: G27/G29 engrenagem 7 / marcha a ré"/>
		<text name="input_vcaShifter8"  text="VCA: G27/G29 engrenagem 8"/>
		<text name="input_vcaShifter9"  text="VCA: G27/G29 engrenagem 9 / marcha a ré"/>
		<text name="input_vcaShifterLH" text="VCA: G27/G29 engrenagem divisor"/>
		<text name="input_vcaHandRpm"   text="VCA: acelerador de mãoRPM"/>
		<text name="input_vcaHandRpm_1" text="VCA: mais acelerador manual"/>
		<text name="input_vcaHandRpm_2" text="VCA: menos acelerador manual"/>
		<text name="input_vcaHandMode"  text="VCA: modo de aceleração manual"/>
		<text name="input_vcaManRatio"   text="VCA: manual Vário"/>
		<text name="input_vcaManRatio_1" text="VCA: Vario mais rápido"/>
		<text name="input_vcaManRatio_2" text="VCA: Vario mais lento"/>
		<text name="input_vcaAutoShift" text="VCA: mudança automática ligado / desligado"/>
		<text name="input_vcaDiffLockF" text="VCA: diferencial frontal (des) bloquear"/>
		<text name="input_vcaDiffLockM" text="VCA: tração total / dianteira"/>
		<text name="input_vcaDiffLockB" text="VCA: diferencial traseiro (des) bloqueio"/>
		<text name="input_vcaLowerF"    text="VCA: abaixar / levantar ferramentas dianteiras"/>
		<text name="input_vcaLowerB"    text="VCA: abaixar / levantar ferramentas traseiras "/>
		<text name="input_vcaActivateF" text="VCA: (des-) ativar ferramentas frontais"/>
		<text name="input_vcaActivateB" text="VCA: (des-) ativar ferramentas traseiras"/>
		
		<text name="vcaValueOn"         text="ligado"/>
		<text name="vcaValueOff"        text="desligado"/>
		<text name="vcaValueNever"      text="Nunca"/>
		<text name="vcaValueAlways"     text="sempre"/>
		<text name="vcaValueAlwaysH"    text="sempre (alto)"/>
		<text name="vcaValueNormal"     text="normal"/>
		<text name="vcaValueEntered"    text="se entrou"/>
		<text name="vcaValueInactive"   text="se inativo"/>
		<text name="vcaValueInactiveH"  text="se inativo (alto)"/>
		<text name="vcaValueRPM"        text="RPM"/>

		<text name="vcaClutchMode_0"    text="automática"/>
		<text name="vcaClutchMode_1"    text="automática (veloz)"/>
		<text name="vcaClutchMode_2"    text="manual"/>
		<text name="vcaClutchMode_3"    text="turbo (veloz)"/>
		<text name="vcaClutchMode_4"    text="turbo (lenta)"/>
		<text name="vcaClutchMode_5"    text="turbo (abrir)"/>
		<text name="vcaClutchMode_6"    text="turbo (manual)"/>

		<text name="vcaTorqueCurve_0"   text="padrão"/>
		<text name="vcaTorqueCurve_1"   text="moderno (aumento de 40%)"/>
		<text name="vcaTorqueCurve_2"   text="moderno (aumento de 50%)"/>
		<text name="vcaTorqueCurve_3"   text="motor de caminhão (aumento de 60%)"/>
		<text name="vcaTorqueCurve_4"   text="clássico (aumento de 20%)"/>
		<text name="vcaTorqueCurve_5"   text="clássico (aumento de 30%)"/>
	</texts>

	<longTexts>
		<longText name="vca_Help_1"><![CDATA[Direção e Câmera

Este script varia a velocidade da direção dependendo da velocidade em que você está dirigindo e gira a câmera para coincidir com o ângulo e a direção da direção.
Com Shift-right e as teclas do cursor, você pode espiar na direção correspondente.
Se você pressionar Ctrl para a esquerda junto com W, a direção de direção se ajustará a direções fixas.
Se você pressionar Ctrl para a esquerda junto com W, a direção de direção se ajustará a direções fixas.
Todas as funções podem ser desligadas.]]></longText>
		<longText name="vca_Help_2"><![CDATA[Direção de aceleração e pressão

Shift-Left limita o acelerador, o controle de cruzeiro e as rodadas máximas por minuto em 75%.
Se você pressionar delete, o veículo manterá sua velocidade. A aceleração e o pedal do freio aumentam e diminuem a velocidade. O veículo anda como um trator moderno com joystick.
A modificação linear da afinação torna mais fácil ouvir o RPM.]]></longText>
		<longText name="vca_Help_3"><![CDATA[Transmissão

desligado: a caixa de velocidades padrão sem personalização
IVT: Ainda é a caixa de câmbio padrão, mas com pequenos ajustes na faixa de RPM permitida. Mais por vir ...
4X4: Uma transmissão antiquada com 4 marchas em 4 grupos e controle de lançadeira. Mudar de marcha leva tempo e você pode perder o ímpeto.
4PS: A mesma transmissão acima, mas com troca de força para as marchas
2X6: Dois grupos com 6 engrenagens. Esta transmissão é útil para as mudanças de marcha G27 / G29. Existe um intervalo baixo e um alto. As 6 marchas em cada faixa não se sobrepõem às 6 marchas na outra faixa
FPS: Full Power Shift: A transmissão tem 12 marchas e troca sem interrupção.
6PS: Um John Deere AutoQuad. Esta transmissão tem 6 marchas. Cada engrenagem pode ser reduzida em cerca de 80%
PKW: uma transmissão de 6 velocidades para carros com faixa baixa
VARIO: Uma transmissão Fendt Vario. É muito semelhante ao IVT, mas tem um intervalo baixo e alto
46A: Uma transmissão Classe HexaShift. Possui 4 marchas manuais e 6 marchas automáticas
PRÓPRIO: Construa sua própria transmissão]]></longText>
		<longText name="vca_Help_4"><![CDATA[Global Settings

As alterações nas configurações globais não têm efeito no veículo atual. Eles são salvos no arquivo mod Settings / FS19 Vehicle Control Addon / config.xml.]]></longText>
		<longText name="vca_Help_5"><![CDATA[Construa sua própria transmissão

Aqui você pode configurar sua própria transmissão. As engrenagens podem ser trocadas automaticamente.Aqui você pode configurar sua própria transmissão. As engrenagens podem ser trocadas automaticamente.
A velocidade máxima na marcha mais alta pode ser apenas teórica. Você pode alcançá-lo apenas sem limitador de velocidade. A relação entre as marchas é calculada a partir da velocidade máxima da 1ª marcha.
As duas velocidades máximas da 2ª faixa mais alta são redundantes. Se você inserir um valor, o outro será alterado de acordo.]]></longText>
		<longText name="vca_Help_6"><![CDATA[Diferenciais e tração nas quatro rodas

Se o VCA puder identificar os diferenciais, você terá a possibilidade de operá-los manualmente.
Você pode substituir os limites de velocidade para a direção para frente e para trás.
Se a curva de potência e torque não forem precisos o suficiente, você pode substituí-los aqui.
- padrão usa a curva de torque do veículo
- moderno com aumento de torque de 40% e pico de mais 7% do que a potência nominal
- moderno com aumento de torque de 50% e pico de mais 8% do que a potência nominal
- motor do caminhão, aumento de torque de 55% e potência de pico do torque máximo para RPM nominal
- clássico, aumento de torque de apenas 20%, potência de pico e RPM nominal
- clássico, mas aumento de torque de 30%, potência de pico 2% acima da potência nominal]]></longText>		
	</longTexts>
</l10n>