﻿<?xml version="1.0" encoding="utf-8" standalone="no" ?>
<l10n>
	<!-- Note that 'description' is only here for easier translations. It needs to be manually copied to ModDesc.XML later. -->
	<description><![CDATA[Adds the specialization for adaptive keyboard steering]]></description>

	<texts>
		<text name="vcaCAMERAI"         text="Interior Camera Rotation"/>
		<text name="vcaCAMERAO"         text="Exterior Camera Rotation"/>
		<text name="vcaEXPONENT"        text="Sensitivity"/>
		<text name="vcaSTEERING"        text="Adaptive Steering"/>
		<text name="vcaSHUTTLE"         text="Shuttle"/>
		<text name="vcaREVERSEI"        text="Look Backwards (inside)"/>
		<text name="vcaREVERSEO"        text="Look Backwards (outside)"/>
		<text name="vcaLIMIT"           text="Throttle Limiter"/>
		<text name="vcaPEEKLR"          text="Peek Sideways"/>
		<text name="vcaANGLE"           text="Snap Angle"/>
		<text name="vcaBRAKE"           text="Low Brake Force"/>
		<text name="vcaTRANSMISSION"    text="Transmission"/>
		<text name="vcaMAXSPEED"        text="Axle Speed"/>
		<text name="vcaLIMSPEED"        text="Speed Limiter"/>
		<text name="vcaAUTOSHIFT"       text="Automatic"/>
		<text name="vcaLAUNCH"          text="Launch Gear"/>
		<text name="vcaKEEPSPEED"       text="Permanent keep speed"/>
		<text name="vcaNO_ARB"          text="Free steering"/>
		<text name="vcaHANDTHROTTLE"    text="Hand throttle"/>
		<text name="vcaPITCH"           text="Sound pitch at max. RPM"/>
		<text name="vcaSETTINGS"        text="Settings"/>
		<text name="vcaDRAWHUD"         text="Transmission HUD"/>
		
		<text name="vcaDISTANCE"        text="Working width"/>
		<text name="vcaDRAWMARKER"      text="Draw marker of snap driving"/>
		<text name="vcaPITCH1"          text="Linear sound pitch"/>
		<text name="vcaPITCH2"          text="Sound pitch at medium RPM"/>
		<text name="vcaAUTOCLUTCH"      text="Automatic clutch"/>
		<text name="vcaTURBOCLUTCH"     text="Turbo clutch"/>
		<text name="vcaGEARRATIOF"      text="Min. gear speed limit"/>
		<text name="vcaGEARRATIOT"      text="Max. gear speed limit"/>
		<text name="vcaG27MODE"         text="G27/G29 shifter mode"/>
		<text name="vcaHIREDWORKER"     text="Transmission and hired worker"/>
		<text name="vcaOWNMINSPEED"     text="Gear speed of 1st gear"/>
		<text name="vcaOWNMINRANGE"     text="Gear speed of 1st gear and range -"/>
		<text name="vcaOWNMAXRANGE"     text="Max. gear speed of range -"/>
		<text name="vcaOWNGEARS"        text="Number of gears"/>
		<text name="vcaOWNRANGES"       text="Number of ranges"/>
		<text name="vcaOWNGEARTIME"     text="Time to shift gears"/>
		<text name="vcaOWNRANGETIME"    text="Time to shift ranges"/>
		<text name="vcaOWNAUTOGEARS"    text="Automatic gears"/>
		                                
		<text name="vca_tip_CAMERAI"      text="The interior camera rotates automatically according to the steering angle"/>
		<text name="vca_tip_CAMERAO"      text="The exterior camera rotates automatically according to the steering angle"/>
		<text name="vca_tip_EXPONENT"     text="Sensitivity of the adaptive steering with respect to ground speed"/>
		<text name="vca_tip_STEERING"     text="The adaptive steering adjusts the automatic back rotation and the maximum steering angle"/>
		<text name="vca_tip_SHUTTLE"      text="Change driving direction with space key"/>
		<text name="vca_tip_REVERSEI"     text="If the vehicle changes direction the interior camera is rotated by 180°"/>
		<text name="vca_tip_REVERSEO"     text="If the vehicle changes direction the exterior camera is rotated by 180°"/>
		<text name="vca_tip_LIMIT"        text="Limiter of the throttle without and with left shift key"/>
		<text name="vca_tip_PEEKLR"       text="Take a quick look with Shift-Right and the left/right arrow keys"/>
		<text name="vca_tip_ANGLE"        text="Steer automatically to follow snap angle"/>
		<text name="vca_tip_BRAKE"        text="Low brake force percentage, aka rolling resistance"/>
		<text name="vca_tip_TRANSMISSION" text="Type of the transmission; IVT variable transmission, all other transmissions have 12 differnt gears, 2x6 is best for trucks"/>
		<text name="vca_tip_MAXSPEED"     text="Maximum speed of highest gear, can be faster than the maximum speed of the vehicle"/>
		<text name="vca_tip_LIMSPEED"     text="Limits the maximum speed of the vehicle to its default value"/>
		<text name="vca_tip_AUTOSHIFT"    text="Automatic shifting of gears and ranges"/>
		<text name="vca_tip_LAUNCH"       text="Rated speed of the launch gear"/>
		<text name="vca_tip_KEEPSPEED"    text="If permanent keep speed is enabled then the acceleration pedal behaves like a joystick. This is like driving with cruise control."/>
		<text name="vca_tip_NO_ARB"       text="If free steering is enabled then the steering will not automatically rotate back"/>
		<text name="vca_tip_HANDTHROTTLE" text="The engine automatically accelerates to reach hand throttle RPM"/>
		<text name="vca_tip_PITCH"        text="Sound pitch at maximum RPM"/>
		<text name="vca_tip_DRAWHUD"      text="Show or hide transmission HUD"/>
		
		<text name="vca_tip_DISTANCE"     text="Distance between two snap driving rows"/>
		<text name="vca_tip_DRAWMARKER"   text="Draw marker of snap driving"/>
		<text name="vca_tip_PITCH1"       text="Modification of sound pitch to make it linear"/>
		<text name="vca_tip_PITCH2"       text="Sound pitch at medium RPM"/>
		<text name="vca_tip_AUTOCLUTCH"   text="Automatic clutch"/>
		<text name="vca_tip_TURBOCLUTCH"  text="Additional turbo clutch"/>
		<text name="vca_tip_GEARRATIOF"   text="Min. gear speed limit"/>
		<text name="vca_tip_GEARRATIOT"   text="Max. gear speed limit"/>
		<text name="vca_tip_G27MODE"      text="G27/G29 shifter mode"/>
		<text name="vca_tip_HIREDWORKER"  text="Controls if the hired worked operates the vehicle with vanilla or modified transmission"/>
		<text name="vca_tip_OWNMINSPEED"  text="Gear speed of 1st gear in highest range"/>
		<text name="vca_tip_OWNMINRANGE"  text="Gear speed of 1st gear in 2nd highest range"/>
		<text name="vca_tip_OWNMAXRANGE"  text="Gear speed of highest gear in 2nd highest range"/>
		<text name="vca_tip_OWNGEARS"     text="Number of gears"/>
		<text name="vca_tip_OWNRANGES"    text="Number of ranges"/>
		<text name="vca_tip_OWNGEARTIME"  text="Time to shift gears"/>
		<text name="vca_tip_OWNRANGETIME" text="Time to shift ranges"/>
		<text name="vca_tip_OWNAUTOGEARS" text="Automatic gears and speed matching"/>
		                               
		<text name="input_vcaSETTINGS"  text="VCA: settings"/>
		<text name="input_vcaUP"        text="VCA: toggle view direction / lock forwards"/>
		<text name="input_vcaDOWN"      text="VCA: peek into other view direction / lock backwards"/>
		<text name="input_vcaLEFT"      text="VCA: look left"/>
		<text name="input_vcaRIGHT"     text="VCA: look right"/>
		<text name="input_vcaDIRECTION" text="VCA: toggle driving direction"/>
		<text name="input_vcaFORWARD"   text="VCA: drive forwards"/>
		<text name="input_vcaREVERSE"   text="VCA: drive backwards"/>
		<text name="input_vcaSNAP"      text="VCA: snap driving direction"/>
		<text name="input_vcaSNAPRESET" text="VCA: reset snap driving direction"/>
		<text name="input_vcaSnapUP"    text="VCA: rotate snap direction left"/>
		<text name="input_vcaSnapDOWN"  text="VCA: rotate snap direction right"/>
		<text name="input_vcaSnapLEFT"  text="VCA: snap left"/>
		<text name="input_vcaSnapRIGHT" text="VCA: snap right"/>
		<text name="input_vcaNO_ARB"    text="VCA: no auto rotate back"/>
		<text name="input_vcaINCHING"   text="VCA: inching"/>
		<text name="input_vcaKEEPROT"   text="VCA: keep global camera direction"/>
		<text name="input_vcaKEEPSPEED" text="VCA: keep speed"/>
		<text name="input_vcaKEEPSPEED2" text="VCA: permanent keep speed"/>
		<text name="input_vcaSWAPSPEED" text="VCA: swap speed"/>
		<text name="input_vcaGearUp"    text="VCA: gear up"/>
		<text name="input_vcaGearDown"  text="VCA: gear down"/>
		<text name="input_vcaRangeUp"   text="VCA: range up"/>
		<text name="input_vcaRangeDown" text="VCA: range down"/>
		<text name="input_vcaNeutral"   text="VCA: neutral on/off"/>
		<text name="input_vcaClutch"    text="VCA: clutch axis"/> 
		<text name="input_vcaShifter1"  text="VCA: G27/G29 gear 1"/>
		<text name="input_vcaShifter2"  text="VCA: G27/G29 gear 2"/>
		<text name="input_vcaShifter3"  text="VCA: G27/G29 gear 3"/>
		<text name="input_vcaShifter4"  text="VCA: G27/G29 gear 4"/>
		<text name="input_vcaShifter5"  text="VCA: G27/G29 gear 5 / range down"/>
		<text name="input_vcaShifter6"  text="VCA: G27/G29 gear 6 / range up"/>
		<text name="input_vcaShifter7"  text="VCA: G27/G29 gear 7 / reverse gear"/>
		<text name="input_vcaShifter8"  text="VCA: G27/G29 gear 8"/>
		<text name="input_vcaShifter9"  text="VCA: G27/G29 gear 9 / reverse gear"/>
		<text name="input_vcaShifterLH" text="VCA: G27/G29 gear splitter"/>
		<text name="input_vcaHandRpm"   text="VCA: hand throttle RPM"/>
		<text name="input_vcaHandRpm_1" text="VCA: more hand throttle"/>
		<text name="input_vcaHandRpm_2" text="VCA: less hand throttle"/>
		<text name="input_vcaHandMode"  text="VCA: hand throttle mode"/>
	</texts>

	<longTexts>
		<longText name="vca_Help_1">
<![CDATA[
This script varies the steering speed depending on the speed you are driving, and it rotates the camera to match the steering angle and direction.

Shift-Left limits throttle, cruise control and maximum rounds per minute to 75%. With Shift-right and the cursor keys you can peek in the corresponding direction.

If you press Ctrl left together with W then the driving direction snaps to fixed directions.

All functions can be switched off.]]>
		</longText>
	</longTexts>
</l10n>
