<?xml version="1.0" encoding="utf-8" standalone="no" ?>
<l10n>
	<!-- Note that 'description' is only here for easier translations. It needs to be manually copied to ModDesc.XML later. -->
	<description><![CDATA[Ajoute la spécialisation pour la conduite adaptative au clavier]]></description>

	<texts>
		<text name="vcaCAMERA"          text="Mouvement de caméra"/>
		<text name="vcaEXPONENT"        text="Adaptation à la vitesse"/>
		<text name="vcaSTEERING"        text="Direction adaptative"/>
		<text name="vcaSHUTTLE"         text="Shuttle Control"/>
		<text name="vcaREVERSE"         text="Caméra de recul"/>
		<text name="vcaLIMIT"           text="Limitateur de vitesse"/>
		<text name="vcaPEEKLR"          text="Coup d'oeil rapide"/>
		<text name="vcaANGLE"           text="Pas de verrouillage de la direction"/>
		<text name="vcaBRAKE"           text="Réduction puissance de freinage"/>
		<text name="vcaSETTINGS"        text="Paramétrage"/>
		                                
		<text name="vca_tip_CAMERA"     text="La caméra tourne automatiquement en fonction de l'angle de direction."/>
		<text name="vca_tip_EXPONENT"   text="Adaptation de la direction en fonction de la vitesse."/>
		<text name="vca_tip_STEERING"   text="La direction adaptative modifie l'angle et la vitesse de retour de la direction en fonction de la vitesse d'avancement."/>
		<text name="vca_tip_SHUTTLE"    text="Modifier le sens d'avancement avec la touche 'Espace'."/>
		<text name="vca_tip_REVERSE"    text="La caméra tourne automatiquement en fonction du sens d'avancement."/>
		<text name="vca_tip_LIMIT"      text="Limitateur de vitesse d'avancement avec la touche 'Shift' gauche."/>
		<text name="vca_tip_PEEKLR"     text="'Shift' droit et les flèches de direction permettent de jeter un coup d'oeil dans la direction choisie."/>
		<text name="vca_tip_ANGLE"      text="Verrouille la direction sur l'orientation choisie en fonction du pas sélectionné."/>
		<text name="vca_tip_BRAKE"      text="Réduction puissance de freinage en % / Résistance au roulement"/>
		                                
		<text name="input_vcaSETTINGS"  text="VCA: Paramétrage"/>
		<text name="input_vcaUP"        text="VCA: Basculer entre vue avant et arrière"/>
		<text name="input_vcaDOWN"      text="VCA: Regarder vers l'arrière"/>
		<text name="input_vcaLEFT"      text="VCA: Regarder vers la gauche"/>
		<text name="input_vcaRIGHT"     text="VCA: Regarder vers la droite"/>
		<text name="input_vcaDIRECTION" text="VCA: Modifier le sens d'avancement"/>
		<text name="input_vcaFORWARD"   text="VCA: Marche avant"/>
		<text name="input_vcaREVERSE"   text="VCA: Marche arrière"/>
		<text name="input_vcaSNAP"      text="VCA: Verrouiller la direction"/>
		<text name="input_vcaNO_ARB"    text="VCA: Retour autom. de la direction"/>
		<text name="input_vcaINCHING"   text="VCA: Limitateur de vitesse"/>
	</texts>   

	<longTexts>
		<longText name="vca_Help_1">
<![CDATA[
Ce script adapte le comportement de la direction en fonction de la vitesse d'avancement et tourne la caméra par rapport à l'angle de direction et au sens d'avancement.

Il introduit aussi les fonctions suivantes :

    - 'Shift' gauche : limitation du régulateur de vitesse et du régime moteur à 75%

    - 'Shift' droit et les flèches : jeter un coup d'oeil dans la direction choisie

    - 'Ctrl' gauche et Z : verrouille la direction sur l'orientation voulue.

Ces différentes fonctions peuvent être paramétrées à l'aide des options ci-contre.]]>
		</longText>
	</longTexts>
</l10n>
