﻿<?xml version="1.0" encoding="utf-8" standalone="no" ?>
<l10n>
	<!-- Note that 'description' is only here for easier translations. It needs to be manually copied to ModDesc.XML later. -->
	<description><![CDATA[Fügt allen Fahrzeugen eine adaptive Lenkung hinzu]]></description>

	<texts>
		<text name="vcaCAMERAI"         text="Innere Kamerabewegung"/>
		<text name="vcaCAMERAO"         text="Äußere Kamerabewegung"/>
		<text name="vcaEXPONENT"        text="Geschwindigkeitsabhängigkeit"/>
		<text name="vcaSTEERING"        text="Adaptive Lenkung"/>
		<text name="vcaSHUTTLE"         text="Shuttle Control"/>
		<text name="vcaREVERSE"         text="Zurückblicken"/>
		<text name="vcaREVERSEI"        text="Zurückblicken (innen)"/>
		<text name="vcaREVERSEO"        text="Zurückblicken (außen)"/>
		<text name="vcaLIMIT"           text="Gasbegrenzer"/>
		<text name="vcaPEEKLR"          text="Nur ein kurzer Blick"/>
		<text name="vcaANGLE"           text="Rastersteuerung"/>
		<text name="vcaBRAKE"           text="Niedrige Bremskraft"/>
		<text name="vcaTRANSMISSION"    text="Getriebe"/>
		<text name="vcaMAXSPEED"        text="Übersetzung höchster Gang"/>
		<text name="vcaLIMSPEED"        text="Geschwindigkeitsbegrenzer"/>
		<text name="vcaAUTOSHIFT"       text="Automatik"/>
		<text name="vcaLAUNCH"          text="Geschwindigkeit Startgang"/>
		<text name="vcaKEEPSPEED"       text="Geschwindigkeit permanent halten"/>
		<text name="vcaNO_ARB"          text="Freies Lenken"/>
		<text name="vcaHANDTHROTTLE"    text="Handgas"/>
		<text name="vcaPITCH"           text="Tonhöhe bei Maximaldrehzahl"/>
		<text name="vcaSETTINGS"        text="Einstellungen"/>
		<text name="vcaDRAWHUD"         text="Getriebe HUD"/>
		
		<text name="vcaDISTANCE"        text="Arbeitsbreite"/>
		<text name="vcaOFFSET1"         text="Versatz des Geräts"/>
		<text name="vcaOFFSET2"         text="Inverser Versatz"/>
		<text name="vcaDRAWMARKER"      text="Anzeige der Rasterbahn"/>
		<text name="vcaPITCH1"          text="Lineare Tonhöhe"/>
		<text name="vcaPITCH2"          text="Tonhöhe bei mittlerer Drehzahl"/>
		<text name="vcaBLOWOFFVOL"      text="Lautstärke des Trubo-Wastegates"/>
		<text name="vcaSINGLEREV"       text="Einzelner Rückwärtsgang"/>
		<text name="vcaAUTOCLUTCH"      text="Automatische Kupplung"/>
		<text name="vcaTURBOCLUTCH"     text="Strömungskupplung"/>
		<text name="vcaGEARRATIOF"      text="Min. Ganggeschwindigkeit"/>
		<text name="vcaGEARRATIOT"      text="Max. Ganggeschwindigkeit"/>
		<text name="vcaG27MODE"         text="G27/G29 Schaltschema"/>
		<text name="vcaHIREDWORKER"     text="Getriebe und Helfer"/>
		<text name="vcaOWNMINSPEED"     text="Übersetzung 1. Gang"/>
		<text name="vcaOWNMINRANGE"     text="Übersetzung 1. Gang in vorletzer Gruppe"/>
		<text name="vcaOWNMAXRANGE"     text="Übersetzung vorletzer Gruppe"/>
		<text name="vcaOWNGEARS"        text="Anzahl Gänge"/>
		<text name="vcaOWNRANGES"       text="Anzahl Gruppen"/>
		<text name="vcaOWNGEARTIME"     text="Schaltgeschwindigkeit Gänge"/>
		<text name="vcaOWNRANGETIME"    text="Schaltgeschwindigkeit Gruppen"/>
		<text name="vcaOWNAUTOGEARS"    text="Automatische Gänge"/>
		<text name="vcaOWNAUTORANGE"    text="Automatische Gruppen"/>
	
		<text name="vcaAntiSlip"        text="Traktionskontrolle"/>
		<text name="vcaDiffManual"      text="Manueller Allradantrieb und Differentialsperren"/>
		<text name="vcaDiffFrontAdv"    text="Voreilung der Vorderachse"/>
		<text name="vcaDiffLockSwap"    text="Tausch der Differentiale"/>
		<text name="vcaHudX"            text="Hud position x"/>
		<text name="vcaHudY"            text="Hud position y"/>
		<text name="vcaHIREDWORKER2"    text="Differentiale und Helfer"/>
	
		<text name="vca_tip_CAMERAI"      text="Die innere Kamera dreht sich passend zum Lenkeinschlag automatisch mit."/>
		<text name="vca_tip_CAMERAO"      text="Die äußere Kamera dreht sich passend zum Lenkeinschlag automatisch mit."/>
		<text name="vca_tip_EXPONENT"     text="Geschwindigkeitsabhängigkeit der adaptiven Lenkung"/>
		<text name="vca_tip_STEERING"     text="Die adaptive Lenkung verändert je nach Geschwindigkeit die Rückstellgeschwindigkeit und den maximalen Lenkwinkel"/>
		<text name="vca_tip_SHUTTLE"      text="Fahrtrichtung mit &lt;Leertaste&gt; wechseln"/>
		<text name="vca_tip_REVERSEI"     text="Beim Wechsel zwischen Vorwärts- und Rückwärtsfahrt wird automatisch die innere Kamera um 180° gedreht"/>
		<text name="vca_tip_REVERSEO"     text="Beim Wechsel zwischen Vorwärts- und Rückwärtsfahrt wird automatisch die äußere Kamera um 180° gedreht"/>
		<text name="vca_tip_LIMIT"        text="Gasbegrenzer mit linker Umschalttaste"/>
		<text name="vca_tip_PEEKLR"       text="Mit Umschalt-Rechts und Pfeiltasten nur einen kurzen Blick nach hinten/rechts/links werfen"/>
		<text name="vca_tip_ANGLE"        text="Automatisch in Richtung des Einrastwinkels lenken"/>
		<text name="vca_tip_BRAKE"        text="Niedrige Bremskraft in Prozent / Rollwiderstand"/>
		<text name="vca_tip_TRANSMISSION" text="Typ des Getriebes; IVT ist ein stufenloses Getriebe, die anderen Getriebe haben 12 verschiedene Gänge, 2x6 eignet sich am besten für LKWs"/>
		<text name="vca_tip_MAXSPEED"     text="Maximale Geschwindigkeit, die im höchsten Gang (theoretisch) erreicht werdern kann"/>
		<text name="vca_tip_LIMSPEED"     text="Begrenzung der Höchtstgeschwindigkeit auf den Standardwert des Fahrzeugs"/>
		<text name="vca_tip_AUTOSHIFT"    text="Automatische Schaltung von Gängen und Gruppen"/>
		<text name="vca_tip_LAUNCH"       text="Geschwindigkeit des Ganges, der zum Anfahren benutzt wird"/>
		<text name="vca_tip_KEEPSPEED"    text="Falls ständiges Halten der Geschwindigkeit aktiviert ist, dann fährt das Fahrzeug quasi immer mit Tempomat. Das entspricht dem Fahrhebel in modernen Traktoren."/>
		<text name="vca_tip_NO_ARB"       text="Falls freies Lenken aktiviert ist, dann lenkt das Fahrzeug nicht selbständig zurück auf Geradeaus"/>
		<text name="vca_tip_HANDTHROTTLE" text="Der Motor beschleunigt automatisch bis zur gewählten Drehzahl"/>
		<text name="vca_tip_PITCH"        text="Tonhöhe bei Maximaldrehzahl"/>
		<text name="vca_tip_DRAWHUD"      text="HUD für Getriebe ein-/ausblenden"/>
		
		<text name="vca_tip_DISTANCE"     text="Abstand zwischen zwei Rasterbahnen"/>
		<text name="vca_tip_OFFSET1"      text="Seitlicher Versatz der Rasterbahnen"/>
		<text name="vca_tip_OFFSET2"      text="Inverser Versatz der Rasterbahnen"/>
		<text name="vca_tip_DRAWMARKER"   text="Anzeige der aktuellen Rasterbahn"/>
		<text name="vca_tip_PITCH1"       text="Neuberechnung der Tonhöhe, damit sie linear verläuft"/>
		<text name="vca_tip_PITCH2"       text="Tonhöhe bei mittlerer Drehzahl"/>
		<text name="vca_tip_BLOWOFFVOL"   text="Lautstärke des Turbo-Wastegates bei aufgeladenen Motoren"/>
		<text name="vca_tip_SINGLEREV"    text="Beim Rückwärtsfahren wird ein einzelner Gang oder eine einzelne Gruppe anstelle der Wendeschaltung verwendet"/>
		<text name="vca_tip_AUTOCLUTCH"   text="Automatische Betätigung der Kupplung"/>
		<text name="vca_tip_TURBOCLUTCH"  text="Zusätzliche Strömungskupplung"/>
		<text name="vca_tip_GEARRATIOF"   text="Begrenzung der Ganggeschwindigkeit. Es wird kein kleiner Gang automatisch ausgewählt"/>
		<text name="vca_tip_GEARRATIOT"   text="Begrenzung der Ganggeschwindigkeit. Es wird kein größerer Gang automatisch ausgewählt"/>
		<text name="vca_tip_G27MODE"      text="G27/G29 Schaltschema"/>
		<text name="vca_tip_HIREDWORKER"  text="Steuert, ob das Getriebe ein- oder ausgeschaltet wird, wenn das Fahrzeug vom Helfer kontrolliert wird"/>
		<text name="vca_tip_OWNMINSPEED"  text="Maximale Geschwindigkeit, die im ersten Gang erreicht werdern kann"/>
		<text name="vca_tip_OWNMINRANGE"  text="Maximale Geschwindigkeit, die in der zweithöchsten Gruppe im ersten Gang erreicht werdern kann"/>
		<text name="vca_tip_OWNMAXRANGE"  text="Maximale Geschwindigkeit, die in der zweithöchsten Gruppe im höchsten Gang erreicht werdern kann"/>
		<text name="vca_tip_OWNGEARS"     text="Anzahl Gänge"/>
		<text name="vca_tip_OWNRANGES"    text="Anzahl Gruppen"/>
		<text name="vca_tip_OWNGEARTIME"  text="Schaltgeschwindigkeit Gänge"/>
		<text name="vca_tip_OWNRANGETIME" text="Schaltgeschwindigkeit Gruppen"/>
		<text name="vca_tip_OWNAUTOGEARS" text="Automatische Schaltung von Gängen und Speedmatching"/>
		<text name="vca_tip_OWNAUTORANGE" text="Automatische Schaltung von Gruppen und Speedmatching"/>
		
		<text name="vca_tip_AntiSlip"     text="Traktionskontrolle bremst einzelne Räder, wenn sie durchdrehen"/>
		<text name="vca_tip_DiffManual"   text="Manuelle Steuerung des Allradantriebs und der vorderen und hinteren Differentialsperre"/>
		<text name="vca_tip_DiffFrontAdv" text="Voreilung der Vorderachse bei eingeschaltetem Allradantrieb"/>
		<text name="vca_tip_DiffLockSwap" text="Tausch der vorderen und hinteren Differentialsperre"/>
		<text name="vca_tip_HudX"         text="Hud Position X"/>
		<text name="vca_tip_HudY"         text="Hud Position Y"/>
		<text name="vca_tip_HIREDWORKER2" text="Steuert, ob die Differentiale modifiziert werden, wenn das Fahrzeug vom Helfer kontrolliert wird"/>
		
		<text name="input_vcaSETTINGS"  text="VCA: Einstellungen"/>
		<text name="input_vcaUP"        text="VCA: Blickrichtung wechseln oder nach vorne schauen"/>
		<text name="input_vcaDOWN"      text="VCA: In die andere Richtung blicken / nach hinten schauen"/>
		<text name="input_vcaLEFT"      text="VCA: Nach links schauen"/>
		<text name="input_vcaRIGHT"     text="VCA: Nach rechts schauen"/>
		<text name="input_vcaDIRECTION" text="VCA: Fahrtrichtung wechseln"/>
		<text name="input_vcaFORWARD"   text="VCA: Fahrtrichtung vorwärts"/>
		<text name="input_vcaREVERSE"   text="VCA: Fahrtrichtung rückwärts"/>
		<text name="input_vcaSNAP"      text="VCA: Fahrtrichtung am Raster ausrichten"/>
		<text name="input_vcaSNAPRESET" text="VCA: Fahrtrichtung nicht am Raster ausrichten"/>
		<text name="input_vcaSnapUP"    text="VCA: Raster nach links drehen"/>
		<text name="input_vcaSnapDOWN"  text="VCA: Raster nach rechts drehen"/>
		<text name="input_vcaSnapLEFT"  text="VCA: Raster links"/>
		<text name="input_vcaSnapRIGHT" text="VCA: Raster rechts"/>
		<text name="input_vcaNO_ARB"    text="VCA: Kein zurück Lenken"/>
		<text name="input_vcaINCHING"   text="VCA: Langsamer"/>
		<text name="input_vcaKEEPROT"   text="VCA: Kamerarichtung global fixieren"/>
		<text name="input_vcaKEEPROT2"  text="VCA: Kamerarichtung permanent fixieren"/>
		<text name="input_vcaKEEPSPEED" text="VCA: Geschwindigkeit halten"/>
		<text name="input_vcaKEEPSPEED2" text="VCA: Geschwindigkeit permanent halten"/>
		<text name="input_vcaSWAPSPEED" text="VCA: Tempomatgeschwindigkeit wechseln"/>
		<text name="input_vcaGearUp"    text="VCA: Gang hoch"/>
		<text name="input_vcaGearDown"  text="VCA: Gang runter"/>
		<text name="input_vcaRangeUp"   text="VCA: Gruppe hoch"/>
		<text name="input_vcaRangeDown" text="VCA: Gruppe runter"/>
		<text name="input_vcaNeutral"   text="VCA: Leerlauf an/aus"/>
		<text name="input_vcaNeutral0"  text="VCA: Leerlauf aus"/>
		<text name="input_vcaNeutral1"  text="VCA: Leerlauf an"/>
		<text name="input_vcaClutch"    text="VCA: Kupplungsachse"/>
		<text name="input_vcaShifter1"  text="VCA: G27/G29 Gang 1"/>
		<text name="input_vcaShifter2"  text="VCA: G27/G29 Gang 2"/>
		<text name="input_vcaShifter3"  text="VCA: G27/G29 Gang 3"/>
		<text name="input_vcaShifter4"  text="VCA: G27/G29 Gang 4"/>
		<text name="input_vcaShifter5"  text="VCA: G27/G29 Gang 5 / Gruppe runter"/>
		<text name="input_vcaShifter6"  text="VCA: G27/G29 Gang 6 / Gruppe hoch"/>
		<text name="input_vcaShifter7"  text="VCA: G27/G29 Gang 7 / Rückwärtsgang"/>
		<text name="input_vcaShifter8"  text="VCA: G27/G29 Gang 8"/>
		<text name="input_vcaShifter9"  text="VCA: G27/G29 Gang 9 / Rückwärtsgang"/>
		<text name="input_vcaShifterLH" text="VCA: G27/G29 Gang Splitter"/>
		<text name="input_vcaHandRpm"   text="VCA: Handgas Drehzahl"/>
		<text name="input_vcaHandRpm_1" text="VCA: mehr Handgas"/>
		<text name="input_vcaHandRpm_2" text="VCA: weniger Handgas"/>
		<text name="input_vcaHandMode"  text="VCA: Handgas Modus"/>
		<text name="input_vcaAutoShift" text="VCA: Automatische Schaltung an/aus"/>
		<text name="input_vcaDiffLockF" text="VCA: Differentialsperre vorne an/aus"/>
		<text name="input_vcaDiffLockM" text="VCA: Allrad an/aus"/>
		<text name="input_vcaDiffLockB" text="VCA: Differentialsperre hinten an/aus"/>
		<text name="input_vcaLowerF"    text="VCA: vordere Geräte heben/senken"/>
		<text name="input_vcaLowerB"    text="VCA: hintere Geräte heben/senken"/>
		<text name="input_vcaActivateF" text="VCA: vordere Geräte (de-)aktivieren"/>
		<text name="input_vcaActivateB" text="VCA: hintere Geräte (de-)aktivieren"/>
		
		<text name="vcaValueOn"         text="an"/>
		<text name="vcaValueOff"        text="aus"/>
		<text name="vcaValueNever"      text="never"/>
		<text name="vcaValueAlways"     text="immer"/>
		<text name="vcaValueAlwaysH"    text="immer (hoch)"/>
		<text name="vcaValueNormal"     text="normal"/>
		<text name="vcaValueEntered"    text="falls eingestiegen"/>
		<text name="vcaValueInactive"   text="falls inaktiv"/>
		<text name="vcaValueInactiveH"  text="falls inaktiv (hoch)"/>
		<text name="vcaValueRPM"        text="U/min"/>
	</texts>   

	<longTexts>
		<longText name="vca_Help_1">
<![CDATA[Lenkung und Kamera

Dieses Script variiert abhängig von der gefahrenen Geschwindigkeit die Lenkgeschwindigkeit und dreht die Kamera passend zum Lenkeinschlag und zur Fahrtrichtung. 
Mit Umschalt-Rechts und den Pfeiltasten kann man in die entsprechende Richtung blicken.
Drückt man Strg Links zusammen mit W, dann richtet sich die Fahrtrichtung an festen Richtungen aus.
Alle Funktionen lassen sich auch wieder ausschalten.]]>
		</longText>
		<longText name="vca_Help_2">
<![CDATA[Gaspedal und Rastersteuerung

Mit Umschalt-Llinks wird das Gaspedal, der Tempomat und die maximale Drehzahl auf 75% begrenzt.
Drückt man die Taste entf, dann hält das Fahrzeug die aktuelle Geschwindigkeit. Wie bei modernen Traktoren auch, kann man diese Funktion auch permanent einschalten und per entf dann zeitweise ausschalten.
Durch die Änderungen an der Tonhöhe kann man die aktuelle Drehzahl besser hören.]]>
		</longText>
		<longText name="vca_Help_3">
<![CDATA[Getriebe

off: Das Standardgetriebe 
IVT: Das Standardgetriebe  mit kleinen Anpassungen der Drehzahl
4X4: Ein altmodisches Getriebe mit 4 Gängen in 4 Bereichen und Wendeschaltung. Das Schalten der Gänge benötigt Zeit und man könnte Schwung verlieren.
4PS: Das gleiche Getriebe wie das 4X4, aber mit Lastschaltung für die Gänge
2X6: 2 Bereiche mit jeweils 6 Gängen. Dieses Getriebe ist nützlich für G27/G29 Shifter. Die 6 Gänge im Bereich L überlappen nicht mit den 6 Gängen im Bereich H.
FPS: Full Power Shift: Dieses Getriebe hat 12 Gänge und schaltet ohne Zugkraftunterbrechung.
6PS: John Deer AutoQuad: 6 manuell zu schaltende Bereiche mit jeweils 4 automatischen Lastschaltstufen
PKW: 6 Gänge abgestuft für PKW mit Untersetzung fürs Gelände
VARIO: Fendt Vario: Stufenloses Getriebe mit 2 Bereichen "low" und "high"
46A: Claas HexaShift: 4 manuell zu schaltende Bereiche mit jeweils 6 automatischen Lastschaltstufen
OWN: Bau Dir Dein eigenes Getriebe]]>
		</longText>
		<longText name="vca_Help_4">
<![CDATA[Globale Einstellungen

Änderungen an den globale Einstellungen haben keinen Einfluss auf das aktuelle Fahrzeug. Sie werden in der Datei modsSettings/FS19_VehicleControlAddon/config.xml gespeichert]]>
		</longText>
		<longText name="vca_Help_5">
<![CDATA[Bau Dir Dein eigenes Getriebe

Hier kann man sich sein eigenes Getriebe konfigurieren. Gänge können automatisch geschaltet werden. Daher sind Lastschaltstufen am besten immer Gänge. 
Die Übersetzung des höchsten Gangs ist die theoretische Endgeschwindigkeit bei ausgeschaltetem Begrenzer. Die Höchstgeschwindigkeit im 1. Gang der höchsten Gruppe bestimmt
das Verhältnis der Gänge untereinander. 
Die Höchstgeschwindigkeiten in der vorletzten Gruppe sind redundant. Man muss nur einen von beiden Werten eingeben. Der andere wird automatisch angepasst.]]>
		</longText>
		<longText name="vca_Help_6">
<![CDATA[Differentiale und Allradantrieb]]>
		</longText>		
	</longTexts>
</l10n>