<?xml version="1.0" encoding="utf-8" standalone="no" ?>
<l10n>
	<!-- Note that 'description' is only here for easier translations. It needs to be manually copied to ModDesc.XML later. -->
	<description><![CDATA[Добавляет специализацию для адаптивного рулевого управления с клавиатуры]]></description>

	<texts>
		<text name="vcaCAMERAI"             text="Подруливание внутренней камеры"/>
		<text name="vcaCAMERAO"             text="Подруливание внешней камеры"/>
		<text name="vcaEXPONENT"            text="Чувствительность к скорости"/>
		<text name="vcaSTEERING"            text="Адаптивное рулевое управление"/>
		<text name="vcaSHUTTLE"             text="Изменение направления"/>
		<text name="vcaREVERSE"             text="Автооборачивание"/>
		<text name="vcaREVERSEI"            text="Автооборачивание (внутренняя)"/>
		<text name="vcaREVERSEO"            text="Автооборачивание (внешняя)"/>
		<text name="vcaLIMIT"               text="Ограничитель газа"/>
		<text name="vcaPEEKLR"              text="Быстрый взгляд в сторону"/>
		<text name="vcaANGLE"               text="Привязка к сетке"/>
		<text name="vcaBRAKE"               text="Малое сопротивление качению"/>
		<text name="vcaTRANSMISSION"        text="Трансмиссия"/>
		<text name="vcaMAXSPEED"            text="Максимальная скорость"/>
		<text name="vcaLIMSPEED"            text="Ограничение скорости"/>
		<text name="vcaAUTOSHIFT"           text="Автомат"/>
		<text name="vcaLAUNCH"              text="Трогаться с передачи"/>
		<text name="vcaKEEPSPEED"           text="Удерживать скорость"/>
		<text name="vcaNO_ARB"              text="Свободное руление"/>
		<text name="vcaHANDTHROTTLE"        text="Ручной дроссель"/>
		<text name="vcaPITCH"               text="Высота звука при макс. оборотах"/>
		<text name="vcaSETTINGS"            text="Настройки"/>
		<text name="vcaDRAWHUD"             text="HUD трансмиссии"/>

		<text name="vcaDISTANCE"            text="Рабочая ширина"/>
		<text name="vcaOFFSET1"             text="Смещение оборудования"/>
		<text name="vcaOFFSET2"             text="Инвертировать смещение"/>
		<text name="vcaDRAWMARKER"          text="Маркеры удержания направления"/>
		<text name="vcaPITCH1"              text="Линейная высота звука"/>
		<text name="vcaPITCH2"              text="Звук на средних оборотах"/>
		<text name="vcaBLOWOFFVOL"          text="Звук турбины"/> <!-- Turbo wastegate volume -->
		<text name="vcaSINGLEREV"           text="Одиночная передача ЗХ"/>
		<text name="vcaAUTOCLUTCH"          text="Автосцепление"/>
		<text name="vcaTURBOCLUTCH"         text="Турбосцепление"/>
		<text name="vcaGEARRATIOF"          text="Min. gear speed limit"/>
		<text name="vcaGEARRATIOT"          text="Max. gear speed limit"/>
		<text name="vcaG27MODE"             text="Режим переключения G27/G29"/>
		<text name="vcaHIREDWORKER"         text="Трансмиссия и наёмный работник"/>
		<text name="vcaOWNMINSPEED"         text="Gear speed of 1st gear"/>
		<text name="vcaOWNMINRANGE"         text="Gear speed of 1st gear and range -"/>
		<text name="vcaOWNMAXRANGE"         text="Max. gear speed of range -"/>
		<text name="vcaOWNGEARS"            text="К-во передач"/>
		<text name="vcaOWNRANGES"           text="К-во диапазонов"/>
		<text name="vcaOWNGEARTIME"         text="Время переключения передач"/>
		<text name="vcaOWNRANGETIME"        text="Время переключения диапазонов"/>
		<text name="vcaOWNAUTOGEARS"        text="Автоматические передачи"/>
		<text name="vcaOWNAUTORANGE"        text="Автоматические диапазоны"/>

		<text name="vcaAntiSlip"            text="Контроль тяги"/>
		<text name="vcaDiffManual"          text="Ручной AWD и дифференциалы"/>
		<text name="vcaDiffFrontAdv"        text="Ведущий передний мост"/>
		<text name="vcaDiffLockSwap"        text="Поменять перед и зад"/>
		<text name="vcaHudX"                text="Координата 'х' HUD"/>
		<text name="vcaHudY"                text="Координата 'y' HUD"/>
		<text name="vcaHIREDWORKER2"        text="Дифференциалы и наёмный рабочий"/>

		<text name="vca_tip_CAMERAI"        text="Внутренняя камера автоматически поворачивается в соответствии с углом поворота рулевого колеса."/>
		<text name="vca_tip_CAMERAO"        text="Внешняя камера автоматически поворачивается в соответствии с углом поворота рулевого колеса."/>
		<text name="vca_tip_EXPONENT"       text="Зависимость скорости рулевого управления от скорости движения."/>
		<text name="vca_tip_STEERING"       text="Адаптивное рулевое управление изменяет скорость возврата и максимальный угол поворота в зависимости от скорости."/>
		<text name="vca_tip_SHUTTLE"        text="Изменять направление вперёд/назад при помощи клавиши Пробел."/>
		<text name="vca_tip_REVERSEI"       text="При изменении направления движения вперёд/назад внутренняя камера автоматически разворачивается на 180°."/>
		<text name="vca_tip_REVERSEO"       text="При изменении направления движения вперёд/назад внешняя камера автоматически разворачивается на 180°."/>
		<text name="vca_tip_LIMIT"          text="Ограничивает педаль газа при нажатии Left-Shift."/>
		<text name="vca_tip_PEEKLR"         text="Взглянуть по клавише Right-Shift + стрелка в сторону."/>
		<text name="vca_tip_ANGLE"          text="Выравнивание направления движения техники по заданному направлению."/>
		<text name="vca_tip_BRAKE"          text="Уменьшение уровня сопротивления качению (%)."/>
		<text name="vca_tip_TRANSMISSION"   text="Тип коробки передач: IVT - бесступенчатая коробка передач, остальные передачи имеют 12 передач, 2x6 лучше всего подходит для грузовых автомобилей."/>
		<text name="vca_tip_MAXSPEED"       text="Максимальная скорость, которую можно достичь (теоретически) на высшей передаче."/>
		<text name="vca_tip_LIMSPEED"       text="Ограничивает максимальную скорость автомобиля до значения по умолчанию."/>
		<text name="vca_tip_AUTOSHIFT"      text="Автоматическое переключение передач и диапазонов."/>
		<text name="vca_tip_LAUNCH"         text="Передача (для диапазона скорости) используемая для трогания с места."/>
		<text name="vca_tip_KEEPSPEED"      text="Если активировано удержание постоянной скорости, то автомобиль почти всегда движется на круиз-контроле. Это соответствует приводному рычагу в современных тракторах."/>
		<text name="vca_tip_NO_ARB"         text="Если включается свободное руление, тогда отключается автовозврат руля."/>
		<text name="vca_tip_HANDTHROTTLE"   text="Двигатель автоматически ускоряется, чтобы достичь оборотов ручного дросселя."/>
		<text name="vca_tip_PITCH"          text="Высота звука при максимальных оборотах."/>
		<text name="vca_tip_DRAWHUD"        text="Отобразить или скрыть HUD трансмиссии."/>

		<text name="vca_tip_DISTANCE"       text="Расстояние между двумя рядами удержания направлений."/>
		<text name="vca_tip_OFFSET1"        text="Смещение полос удержания направлений."/>
		<text name="vca_tip_OFFSET2"        text="Инвертировать смещение полос удержания направлений."/>
		<text name="vca_tip_DRAWMARKER"     text="Отрисовка маркеров полос удержания направлений."/>
		<text name="vca_tip_PITCH1"         text="Изменение высоты звука, чтобы сделать его линейным."/>
		<text name="vca_tip_PITCH2"         text="Высота звука на средних оборотах."/>
		<text name="vca_tip_BLOWOFFVOL"     text="Высота звука турбины."/>
		<text name="vca_tip_SINGLEREV"      text="С одним реверсом, коробка передач использует одну передачу ЗХ или диапазон ЗХ вместо управления челноком."/>
		<text name="vca_tip_AUTOCLUTCH"     text="Автосцепление"/>
		<text name="vca_tip_TURBOCLUTCH"    text="Дополнительное турбосцепление"/>
		<text name="vca_tip_GEARRATIOF"     text="Min. gear speed limit"/>
		<text name="vca_tip_GEARRATIOT"     text="Max. gear speed limit"/>
		<text name="vca_tip_G27MODE"        text="Режим переключения G27/G29"/>
		<text name="vca_tip_HIREDWORKER"    text="Когда наёмный работник управляет техникой, какую трансмиссию он будет использовать: ванильную или модифицированную."/>
		<text name="vca_tip_OWNMINSPEED"    text="Gear speed of 1st gear in highest range"/>
		<text name="vca_tip_OWNMINRANGE"    text="Gear speed of 1st gear in 2nd highest range"/>
		<text name="vca_tip_OWNMAXRANGE"    text="Gear speed of highest gear in 2nd highest range"/>
		<text name="vca_tip_OWNGEARS"       text="Число передач"/>
		<text name="vca_tip_OWNRANGES"      text="Число диапазонов"/>
		<text name="vca_tip_OWNGEARTIME"    text="Время переключения передач"/>
		<text name="vca_tip_OWNRANGETIME"   text="Время переключения диапазонов"/>
		<text name="vca_tip_OWNAUTOGEARS"   text="Автоматическое согласование передач и скорости."/>
		<text name="vca_tip_OWNAUTORANGE"   text="Автоматическое согласование диапазонов и скорости."/>
		
		<text name="vca_tip_AntiSlip"       text="Антипробуксовочная система притормаживает отдельные колеса в случае их пробуксовки."/>
		<text name="vca_tip_DiffManual"     text="Ручное управление полным приводом и передним и задним дифференциалом."/>
		<text name="vca_tip_DiffFrontAdv"   text="Ведущий передний мост, когда полный привод включен."/>
		<text name="vca_tip_DiffLockSwap"   text="Поменять местами передний и задний дифференциал."/>
		<text name="vca_tip_HudX"           text="Координата 'х' HUD"/>
		<text name="vca_tip_HudY"           text="Координата 'y' HUD"/>
		<text name="vca_tip_HIREDWORKER2"   text="Если техникой управляет наёмный работник, использовать ванильный или модифицированный дифференциал."/>
		
		<text name="input_vcaSETTINGS"      text="VCA: Настройки"/>
		<text name="input_vcaUP"            text="VCA: Посмотреть вперед"/>
		<text name="input_vcaDOWN"          text="VCA: Посмотреть назад"/>
		<text name="input_vcaLEFT"          text="VCA: Посмотреть налево"/>
		<text name="input_vcaRIGHT"         text="VCA: Посмотреть направо"/>
		<text name="input_vcaDIRECTION"     text="VCA: Изменить направление движения"/>
		<text name="input_vcaFORWARD"       text="VCA: Направление движения вперед"/>
		<text name="input_vcaREVERSE"       text="VCA: Направление движения назад"/>
		<text name="input_vcaSNAP"          text="VCA: Выровнять направление по сетке"/>
		<text name="input_vcaSNAPRESET"     text="VCA: Отменить выравнивание направления по сетке"/>
		<text name="input_vcaSnapUP"        text="VCA: повернуть фиксированное направление левее"/> <!-- snap direction: направления привязки, фиксированное направлени-->
		<text name="input_vcaSnapDOWN"      text="VCA: повернуть фиксированное направление правее"/>
		<text name="input_vcaSnapLEFT"      text="VCA: переключить налево"/>
		<text name="input_vcaSnapRIGHT"     text="VCA: переключить направо"/>
		<text name="input_vcaNO_ARB"        text="VCA: Без автоповорота камеры назад"/>
		<text name="input_vcaINCHING"       text="VCA: Сцепление"/>
		<text name="input_vcaKEEPROT"       text="VCA: Сохранить глобальное напр. камеры"/>
		<text name="input_vcaKEEPROT2"      text="VCA: постоянно держать направление камеры"/>
		<text name="input_vcaKEEPSPEED"     text="VCA: Удерживать скорость"/>
		<text name="input_vcaKEEPSPEED2"    text="VCA: удерживать постоянную скорость"/>
		<text name="input_vcaSWAPSPEED"     text="VCA: Изменить скорость круиз-контроля"/>
		<text name="input_vcaGearUp"        text="VCA: Передача вверх"/>
		<text name="input_vcaGearDown"      text="VCA: Передача вниз"/>
		<text name="input_vcaRangeUp"       text="VCA: Диапазон вверх"/>
		<text name="input_vcaRangeDown"     text="VCA: Диапазон вниз"/>
		<text name="input_vcaNeutral"       text="VCA: Нейтральная вкл/выкл"/>
		<text name="input_vcaNeutral0"      text="VCA: Нейтральная ВЫКЛ"/>
		<text name="input_vcaNeutral1"      text="VCA: Нейтральная ВКЛ"/>
		<text name="input_vcaClutch"        text="VCA: Одинарный выжим"/>
		<text name="input_vcaShifter1"      text="VCA: G27/G29 Передача 1"/>
		<text name="input_vcaShifter2"      text="VCA: G27/G29 Передача 2"/>
		<text name="input_vcaShifter3"      text="VCA: G27/G29 Передача 3"/>
		<text name="input_vcaShifter4"      text="VCA: G27/G29 Передача 4"/>
		<text name="input_vcaShifter5"      text="VCA: G27/G29 Передача 5 / Диапазон вверх"/>
		<text name="input_vcaShifter6"      text="VCA: G27/G29 Передача 6 / Диапазон вниз"/>
		<text name="input_vcaShifter7"      text="VCA: G27/G29 ЗХ"/>
		<text name="input_vcaShifter8"      text="VCA: G27/G29 Передача 8"/>
		<text name="input_vcaShifter9"      text="VCA: G27/G29 Передача 9 / ЗХ"/>
		<text name="input_vcaShifterLH"     text="VCA: G27/G29 делитель"/>
		<text name="input_vcaHandRpm"       text="VCA: обороты ручного дросселя"/>
		<text name="input_vcaHandRpm_1"     text="VCA: увеличить ручной дроссель"/>
		<text name="input_vcaHandRpm_2"     text="VCA: уменьшить ручной дроссель"/>
		<text name="input_vcaHandMode"      text="VCA: режим ручного дросселя"/>
		<text name="input_vcaAutoShift"     text="VCA: автоматическое переключение Вкл/Выкл"/>
		<text name="input_vcaDiffLockF"     text="VCA: передний дифф. блок/разблок"/>
		<text name="input_vcaDiffLockM"     text="VCA: полный привод"/>
		<text name="input_vcaDiffLockB"     text="VCA: задний дифф. блок/разблок"/>
		<text name="input_vcaLowerF"        text="VCA: опустить/поднять переднее оборудование"/>
		<text name="input_vcaLowerB"        text="VCA: опустить/поднять заднее оборудование"/>
		<text name="input_vcaActivateF"     text="VCA: (де-)активировать переднее оборудование"/>
		<text name="input_vcaActivateB"     text="VCA: (де-)активировать заднее оборудование"/>
		
		<text name="vcaValueOn"             text="ВКЛ"/>
		<text name="vcaValueOff"            text="ВЫКЛ"/>
		<text name="vcaValueNever"          text="никогда"/>
		<text name="vcaValueAlways"         text="всегда"/>
		<text name="vcaValueAlwaysH"        text="всегда (вверху)"/>
		<text name="vcaValueNormal"         text="обычный"/>
		<text name="vcaValueEntered"        text="если внутри"/>
		<text name="vcaValueInactive"       text="если неактивен"/>
		<text name="vcaValueInactiveH"      text="если неактивен (вверху)"/>
		<text name="vcaValueRPM"            text="RPM"/>
	</texts>
	
	<longTexts>
		<longText name="vca_Help_1">
<![CDATA[Руление и камера

Этот скрипт изменяет скорость поворота колёс в зависимости от скорости движения, и поворачивает камеру в соответствии с углом и направлением рулевого колеса.
С Right Shift и клавишами курсора, вы можете посмотреть в соответствующем направлении.
Если вы нажмете Left Ctrl + W, будет зафиксировано направление движения.
Все функции могут быть отключены.]]>
		</longText>
		<longText name="vca_Help_2">
<![CDATA[Дросельная заслонка и смена направления движения

Left Shift ограничивает газ, круиз-контроль и максимальное количество оборотов в минуту до уровня 75%.
Если вы нажмете Delete, тогда автомобиль сохранит свою скорость. Педали акселератора и тормоза увеличиваются и уменьшаются скорость. Техника едет как современный трактор с джойстиком.
Модификация линейного шага облегчает восприятие частоты вращения.]]>
		</longText>
		<longText name="vca_Help_3">
<![CDATA[Трансмиссия

off: Стандартная коробка передач без настройки
IVT: Всё ещё та же стандартная коробка передач, но с небольшими изменениями допустимого диапазона оборотов. Ещё не все...
4X4: Старая трансмиссия с 4 передачами в 4 группах и управлением рычагом. Переключение передач требует времени, и вы можете потерять импульс
4PS: Та же трансмиссия, что и выше, но с переключением передач PowerShift
2X6: Две группы по 6 передач. Эта трансмиссия полезна для переключателей передач G27/G29. Присутствует низкий и высокий диапазоны. 6 передач в каждом из диапазонов не перекрываются друг с другом
FPS: Full Power Shift: Коробка передач имеет 12 передач и переключается без перерывов. 
6PS: John Deer AutoQuad. Эта трансмиссия имеет 6 передач. Каждую передачу можно уменьшить примерно на 80%
PKW: 6-ступенчатая коробка передач для автомобилей с пониженным диапазоном
VARIO: Коробка передач Fendt Vario. Это очень похоже на IVT, но имеет низкий и высокий диапазон
46A: Коробка передач Claas HexaShift. Имеет 4 ручных диапазона и 6 автоматических передач
OWN: Созданная вами собственная трансмиссия]]>
		</longText>
		<longText name="vca_Help_4">
<![CDATA[Глобальные настройки

Изменения глобальных настроек не влияют на текущий автомобиль. Они сохраняются в файл modsSettings/FS19_VehicleControlAddon/config.xml.]]>
		</longText>
		<longText name="vca_Help_5">
<![CDATA[Создайте свою собственную трансмиссию

Здесь вы можете настроить свою собственную трансмиссию. Передачи могут переключаться автоматически ...
Максимальная скорость на высшей передаче может быть только теоретической. Вы можете достичь этого только без ограничителя скорости. Соотношения между передачами рассчитываются исходя из максимальной скорости 1-й передаче.
Две максимальные скорости второго по величине диапазона избыточны. Если вы введете одно значение, другое изменилось соответственно.]]>
		</longText>
	</longTexts>
</l10n>
