<?xml version="1.0" encoding="utf-8" standalone="no" ?>
<l10n>
	<!-- Note that 'description' is only here for easier translations. It needs to be manually copied to ModDesc.XML later. -->
	<description><![CDATA[Добавляет специализацию для адаптивного рулевого управления с клавиатуры]]></description>

	<texts>
		<text name="vcaCAMERAI"             text="Подруливание внутренней камеры"/>
		<text name="vcaCAMERAO"             text="Подруливание внешней камеры"/>
		<text name="vcaEXPONENT"            text="Чувствительность к скорости"/>
		<text name="vcaSTEERING"            text="Адаптивное рулевое управление"/>
		<text name="vcaSHUTTLE"             text="Изменение направления"/>
		<text name="vcaREVERSEI"            text="Автооборачивание (внутренняя)"/>
		<text name="vcaREVERSEO"            text="Автооборачивание (внешняя)"/>
		<text name="vcaLIMIT"               text="Ограничитель газа"/>
		<text name="vcaPEEKLR"              text="Быстрый взгляд в сторону"/>
		<text name="vcaANGLE"               text="Привязка к сетке"/>
		<text name="vcaBRAKE"               text="Малое сопротивление качению"/>
		<text name="vcaTRANSMISSION"        text="Трансмиссия"/>
		<text name="vcaMAXSPEED"            text="Максимальная скорость"/>
		<text name="vcaLIMSPEED"            text="Ограничение скорости"/>
		<text name="vcaAUTOSHIFT"           text="Автомат"/>
		<text name="vcaLAUNCH"              text="Трогаться с передачи"/>
		<text name="vcaKEEPSPEED"           text="Удерживать скорость"/>
		<text name="vcaNO_ARB"              text="Свободное руление"/>
		<text name="vcaHANDTHROTTLE"        text="Ручной дроссель"/>
		<text name="vcaPITCH"               text="Высота звука при макс. оборотах"/>
		<text name="vcaSETTINGS"            text="VCA: Настройки"/>
		<text name="vcaDRAWHUD"             text="HUD трансмиссии"/>

		<text name="vca_tip_CAMERAI"        text="Внутренняя камера автоматически поворачивается в соответствии с углом поворота рулевого колеса"/>
		<text name="vca_tip_CAMERAO"        text="Внешняя камера автоматически поворачивается в соответствии с углом поворота рулевого колеса"/>
		<text name="vca_tip_EXPONENT"       text="Зависимость скорости рулевого управления от скорости движения"/>
		<text name="vca_tip_STEERING"       text="Адаптивное рулевое управление изменяет скорость возврата и максимальный угол поворота в зависимости от скорости"/>
		<text name="vca_tip_SHUTTLE"        text="Изменять направление вперёд/назад с помощью клавиши Пробел"/>
		<text name="vca_tip_REVERSEI"       text="При изменении направления движения вперёд/назад внутренняя камера автоматически разворачивается на 180°"/>
		<text name="vca_tip_REVERSEO"       text="При изменении направления движения вперёд/назад внешняя камера автоматически разворачивается на 180°"/>
		<text name="vca_tip_LIMIT"          text="Ограничивает педаль газа при нажатии Left-Shift"/>
		<text name="vca_tip_PEEKLR"         text="Взглянуть по клавише Right-Shift + стрелка в сторону"/>
		<text name="vca_tip_ANGLE"          text="Выравнивание направления движения техники по заданному направлению"/>
		<text name="vca_tip_BRAKE"          text="Уменьшение уровня сопротивления качению (%)"/>
		<text name="vca_tip_TRANSMISSION"   text="Тип коробки передач: IVT - бесступенчатая коробка передач, остальные передачи имеют 12 передач, 2x6 лучше всего подходит для грузовых автомобилей."/>
		<text name="vca_tip_MAXSPEED"       text="Максимальная скорость, которая может быть достигнута на высшей передаче"/>
		<text name="vca_tip_LIMSPEED"       text="Ограничивает максимальную скорость автомобиля до значения по умолчанию"/>
		<text name="vca_tip_AUTOSHIFT"      text="Автоматическое переключение передач и диапазонов"/>
		<text name="vca_tip_LAUNCH"         text="Передача (для диапазона скорости) используемая для трогания с места"/>
		<text name="vca_tip_KEEPSPEED"      text="Если активировано удержание постоянной скорости, то автомобиль почти всегда движется на круиз-контроле. Это соответствует приводному рычагу в современных тракторах."/>
		<text name="vca_tip_NO_ARB"         text="Если включается свободное руление, тогда отключается автовозврат руля"/>
		<text name="vca_tip_HANDTHROTTLE"   text="Двигатель автоматически ускоряется, чтобы достичь оборотов ручного дросселя"/>
		<text name="vca_tip_PITCH"          text="Высота звука при максимальных оборотах"/>
		<text name="vca_tip_DRAWHUD"        text="Отобразить или скрыть HUD трансмиссии"/>

		<text name="input_vcaSETTINGS"      text="VCA: Настройки"/>
		<text name="input_vcaUP"            text="VCA: Посмотреть вперед"/>
		<text name="input_vcaDOWN"          text="VCA: Посмотреть назад"/>
		<text name="input_vcaLEFT"          text="VCA: Посмотреть налево"/>
		<text name="input_vcaRIGHT"         text="VCA: Посмотреть направо"/>
		<text name="input_vcaDIRECTION"     text="VCA: Изменить направление движения"/>
		<text name="input_vcaFORWARD"       text="VCA: Направление движения вперед"/>
		<text name="input_vcaREVERSE"       text="VCA: Направление движения назад"/>
		<text name="input_vcaSNAP"          text="VCA: Выровнять направление по сетке"/>
		<text name="input_vcaSNAPRESET"     text="VCA: Отменить выравнивание направления по сетке"/>
		<text name="input_vcaSnapUP"        text="VCA: snap forward"/>
		<text name="input_vcaSnapDOWN"      text="VCA: snap backward"/>
		<text name="input_vcaSnapLEFT"      text="VCA: snap left"/>
		<text name="input_vcaSnapRIGHT"     text="VCA: snap right"/>
		<text name="input_vcaNO_ARB"        text="VCA: Без автоповорота камеры назад"/>
		<text name="input_vcaINCHING"       text="VCA: Сцепление"/>
		<text name="input_vcaKEEPSPEED"     text="VCA: Удерживать скорость"/>
		<text name="input_vcaSWAPSPEED"     text="VCA: Изменить скорость круиз-контроля"/>
		<text name="input_vcaGearUp"        text="VCA: Передача вверх"/>
		<text name="input_vcaGearDown"      text="VCA: Передача вниз"/>
		<text name="input_vcaRangeUp"       text="VCA: Диапазон вверх"/>
		<text name="input_vcaRangeDown"     text="VCA: Диапазон вниз"/>
		<text name="input_vcaNeutral"       text="VCA: Нейтральная вкл/выкл"/>
		<text name="input_vcaClutch"        text="VCA: Одинарный выжим"/>
		<text name="input_vcaShifter1"      text="VCA: G27/G29 Передача 1"/>
		<text name="input_vcaShifter2"      text="VCA: G27/G29 Передача 2"/>
		<text name="input_vcaShifter3"      text="VCA: G27/G29 Передача 3"/>
		<text name="input_vcaShifter4"      text="VCA: G27/G29 Передача 4"/>
		<text name="input_vcaShifter5"      text="VCA: G27/G29 Передача 5 / Диапазон вверх"/>
		<text name="input_vcaShifter6"      text="VCA: G27/G29 Передача 6 / Диапазон вниз"/>
		<text name="input_vcaShifter7"      text="VCA: G27/G29 ЗХ"/>
		<text name="input_vcaShifterLH"     text="VCA: G27/G29 делитель"/>
	</texts>
	
	<longTexts>
		<longText name="vca_Help_1">
<![CDATA[Этот скрипт меняет чувствительность рулевого управления, скорость автовозврата и максимальный угол поворота рулевого колеса в зависимости от скорости движения.
Он также может поворачивать камеру в соответствии с углом поворота колес и направлением движения.
Можно настроить ограничитель цифрового акселератора, при котором дополнительно нажав клавишу Left-Shift с клавишей акселератора или тормоза, будет передается или тормозится 75% усилия.

Left-Shift устанавливает акселератор, круиз-контроль и максимальную скорость на 75%. С помощью Right-Shift и клавиш со стрелками вы можете взглянуть в соответствующем направлении.

Нажав Left-Ctrl + W, направление движения будет выравнено в соотвествии с фиксированными углами сетки направлений.

Все функции по желанию могут быть отключены.]]>
		</longText>
	</longTexts>
</l10n>
