<?xml version="1.0" encoding="utf-8" standalone="no" ?>
<VCAGlobals>
	<cameraRotFactor     type="float" value="0.7"/>
	<cameraRotFactorRev  type="float" value="0.4"/>
	<cameraRotTime       type="float" value="0.001"/>
  <timer4Reverse       type="int"   value="500"/>     
	<limitThrottle       type="int"   value="15"/> <!-- 9 => 90%/100% 15 => 100%/75% -->
	<snapAngle           type="int"   value="5"/>  <!-- 45° -->
	<brakeForceFactor    type="float" value="0.15"/>
	<snapAngleHudX       type="float" value="-1"/> <!-- any value >= 0 => position of bottom left corner / -1 above HUD -->
	<snapAngleHudY       type="float" value="-1"/> <!-- any value >= 0 => position of bottom left corner / -1 above HUD -->
	<drawHud             type="bool"  value="true"/>
	<transmission        type="int"   value="1"/>  <!-- 0 = Giants, 1 = IVT, 2 = 4x4, 3 = 4x4 PowerShift, 4 = 2x6, 5 = FullPowerShift -->
	<launchGear          type="float" value="6"/>  
	<clutchTimer         type="int"   value="3000"/> <!-- ms -->
	<rotInertiaFactor    type="float" value="5"/>
	
	<!-- defaults -->
	<adaptiveSteering    type="bool"  value="true"/>
	<camOutsideRotation  type="bool"  value="false"/>
	<camInsideRotation   type="bool"  value="true"/>
	<camReverseRotation  type="bool"  value="true"/>
	<camRevOutRotation   type="bool"  value="false"/>
	<shuttleControl      type="bool"  value="true"/>
	<peekLeftRight       type="bool"  value="true"/>
</VCAGlobals>



