<?xml version="1.0" encoding="utf-8" standalone="no" ?>
<VCAGlobals>
	<cameraRotFactor     type="float" value="0.7"/>
	<cameraRotFactorRev  type="float" value="0.4"/>
	<cameraRotTime       type="float" value="0.001"/>
  <timer4Reverse       type="int"   value="500"/>     
	<limitThrottle       type="int"   value="15"/> <!-- 9 => 90%/100% 15 => 100%/75% -->
	<snapAngle           type="int"   value="5"/>  <!-- 45° -->
	<brakeForceFactor    type="float" value="0.15"/>
	<snapAngleHudX       type="float" value="-1"/> <!-- any value >= 0 => position of bottom left corner / -1 above HUD -->
	<snapAngleHudY       type="float" value="-1"/> <!-- any value >= 0 => position of bottom left corner / -1 above HUD -->
	<drawHud             type="bool"  value="true"/>
	<transmission        type="int"   value="1"/>  <!-- 0 = Giants, 1 = IVT, 2 = 4x4, 3 = 4x4 PowerShift, 4 = 2x6, 5 = FullPowerShift -->
	<clutchTimer         type="int"   value="5000"/> <!-- ms -->
	<rotInertiaFactor    type="float" value="1.5"/>  <!-- rot. interatia is more than just the flywheel, it includes the transmission and the wheels as well -->
	<rotInertiaFactorLow type="float" value="0.5"/>  <!-- rot. interatia is more than just the flywheel, it includes the transmission and the wheels as well -->
	<rotInertiaFactorPS  type="float" value="1.5"/>  <!-- rot. interatia is more than just the flywheel, it includes the transmission and the wheels as well -->
	<modifyPitch         type="bool"  value="true"/>
	<mouseAutoRotateBack type="bool"  value="false"/>
	<turnOffAWDSpeed     type="float" value="30"/><!-- km/h -->
	<minAuthShiftWait    type="int"   value="750"/> <!-- ms minimum time between automatic shifting -->
	<torqueCheatFactor1  type="float" value="1.035"/> <!-- torque factor IVT -->
	<torqueCheatFactor2  type="float" value="1.035"/> <!-- torque factor fixed gear ratios -->
	<gearShiftSampleVol  type="float" value="1.0"/>
	<grindingSampleVol   type="float" value="1.0"/>
	
	<!-- defaults -->
	<adaptiveSteering    type="bool"  value="true"/>
	<camOutsideRotation  type="bool"  value="false"/>
	<camInsideRotation   type="bool"  value="true"/>
	<camReverseRotation  type="bool"  value="true"/>
	<camRevOutRotation   type="bool"  value="false"/>
	<shuttleControl      type="bool"  value="true"/>
	<peekLeftRight       type="bool"  value="true"/>
	<hiredWorker         type="int"   value="1"/> <!-- transmission for hired worker: 0 off, 1 only if entered, 2 always on -->
	<hiredWorker2        type="bool"  value="false"/> <!-- differential for hired worker -->
	<g27Mode             type="int"   value="0"/> 
	<blowOffVolume       type="float" value="0.5"/> 
	<rotSpeedOut         type="float" value="0.5"/> 
	<rotSpeedIn          type="float" value="0.5"/> 
	<pitchFactor         type="float" value="1.1"/> 
</VCAGlobals>



