<?xml version="1.0" encoding="utf-8" standalone="no" ?>
<KSMGlobals>
	<cameraRotFactor     type="float" value="1.0"/>
	<cameraRotFactorRev  type="float" value="0.5"/>
	<cameraRotTimeMax    type="float" value="0.01"/>
	<cameraRotTimeInc    type="float" value="0.1"/>
  <speedFxInc  	       type="float" value="0.5"/>     
  <timer4Reverse       type="int"   value="500"/>     
	<axisForwardSmooth   type="float" value="0.0005"/> 
	<enableAnalogCtrl    type="bool"  value="false"/>
	
 <!-- parameters -->
 <minSpeed4Fx type="float" value="0"/>
 <speedFxPoint1 type="float" value="12.5"/>
 <speedFxPoint2 type="float" value="25"/>
 <speedFxPoint3 type="float" value="50"/>
 <maxSpeed4Fx type="float" value="100"/>
 <autoRotateBackFx0 type="float" value="0.2"/>
 <autoRotateBackFx1 type="float" value="0.85"/>
 <autoRotateBackFx2 type="float" value="1.2"/>
 <autoRotateBackFx3 type="float" value="1.6"/>
 <autoRotateBackFxMax type="float" value="2"/>
 <axisSideFx0 type="float" value="2"/>
 <axisSideFx1 type="float" value="1.2"/>
 <axisSideFx2 type="float" value="0.9"/>
 <axisSideFx3 type="float" value="0.6"/>
 <axisSideFxMax type="float" value="0.16"/>
 <maxRotTimeFx0 type="float" value="1"/>
 <maxRotTimeFx1 type="float" value="1"/>
 <maxRotTimeFx2 type="float" value="0.95"/>
 <maxRotTimeFx3 type="float" value="0.75"/>
 <maxRotTimeFxMax type="float" value="0.2"/>
	
	<!-- defaults -->
	<ksmSteeringIsOn     type="bool"  value="true"/>
	<ksmCameraIsOn       type="bool"  value="true"/>
	<ksmReverseIsOn      type="bool"  value="true"/>
	<ksmDrawIsOn         type="bool"  value="false"/>
</KSMGlobals>



