﻿<?xml version="1.0" encoding="utf-8" standalone="no" ?>
<modDesc descVersion="23">
	<author>mogli</author>
	<title>
		<en>keyboardSteer</en>
		<de>keyboardSteer</de> 
	</title>
	<description>
		<en>
			<![CDATA[Adds the specialization for adaptive keyboard steering]]>
		</en>
		<de>
			<![CDATA[Fügt allen Fahrzeugen eine adaptive Lenkung hinzu]]>
		</de>
	</description>
	<multiplayer supported="true"/>   
	<iconFilename>store.dds</iconFilename>
	<version>1.8.9.9</version>
	<l10n filenamePrefix="modDesc_l10n">
		<text name="ksmVERSION">
			<de>keyboardSteer v1.9b9</de>
			<en>keyboardSteer v1.9b9</en>
		</text>
	</l10n>
	<inputBindings>
		<input name="ksmENABLE"  key1="KEY_lshift KEY_e" button="" category="VEHICLE" />
		<input name="ksmCAMERA"  key1="KEY_lshift KEY_c" button="" category="VEHICLE" />
		<input name="ksmREVERSE" key1="KEY_lshift KEY_r" button="" category="VEHICLE" />
		<input name="ksmANALOG"  key1="KEY_lshift KEY_lctrl KEY_c" button="" category="VEHICLE" />
		<input name="ksmPLUS"    key1="KEY_lctrl KEY_e"  button="" category="VEHICLE" />
		<input name="ksmMINUS"   key1="KEY_lctrl KEY_c"  button="" category="VEHICLE" />
		<input name="ksmMIRROR"  key1="KEY_lctrl KEY_r"  button="" category="VEHICLE" />
		<input name="ksmUP"      key1="KEY_rshift KEY_up"  button="" category="VEHICLE" />
		<input name="ksmDOWN"    key1="KEY_rshift KEY_down"  button="" category="VEHICLE" />
		<input name="ksmLEFT"    key1="KEY_rshift KEY_left"  button="" category="VEHICLE" />
		<input name="ksmRIGHT"   key1="KEY_rshift KEY_right"  button="" category="VEHICLE" />
	</inputBindings>
	<extraSourceFiles>
		<sourceFile filename="register.lua" />
	</extraSourceFiles>    
</modDesc>