﻿<?xml version="1.0" encoding="utf-8" standalone="no" ?>
<modDesc descVersion="32">
	<author>mogli</author>
	<title>
		<en>keyboardSteer</en>
		<de>keyboardSteer</de> 
	</title>
	<description>
		<en>
			<![CDATA[Adds the specialization for adaptive keyboard steering]]>
		</en>
		<de>
			<![CDATA[Fügt allen Fahrzeugen eine adaptive Lenkung hinzu]]>
		</de>
	</description>
	<multiplayer supported="true"/>   
	<iconFilename>store.dds</iconFilename>
	<version>2.0.0.0</version>
	<l10n filenamePrefix="modDesc_l10n">
		<text name="ksmVERSION">
			<de>keyboardSteer v2.0</de>
			<en>keyboardSteer v2.0</en>
		</text>
	</l10n>
	<inputBindings>
		<input name="ksmENABLE"  hidden="true" key1="KEY_lshift KEY_e" button="" category="VEHICLE" />
		<input name="ksmCAMERA"  hidden="true" key1="KEY_lshift KEY_c" button="" category="VEHICLE" />
		<input name="ksmREVERSE" hidden="true" key1="KEY_lshift KEY_r" button="" category="VEHICLE" />
		<input name="ksmANALOG"  hidden="true" key1="KEY_lshift KEY_lctrl KEY_c" button="" category="VEHICLE" />
		<input name="ksmPLUS"    hidden="true" key1="KEY_lctrl KEY_e"  button="" category="VEHICLE" />
		<input name="ksmMINUS"   hidden="true" key1="KEY_lctrl KEY_c"  button="" category="VEHICLE" />
		<input name="ksmUP"      hidden="true" key1="KEY_rshift KEY_up"  button="" category="VEHICLE" />
		<input name="ksmDOWN"    hidden="true" key1="KEY_rshift KEY_down"  button="" category="VEHICLE" />
		<input name="ksmLEFT"    hidden="true" key1="KEY_rshift KEY_left"  button="" category="VEHICLE" />
		<input name="ksmRIGHT"   hidden="true" key1="KEY_rshift KEY_right"  button="" category="VEHICLE" />
	</inputBindings>
	<extraSourceFiles>
		<sourceFile filename="register.lua" />
	</extraSourceFiles>    
</modDesc>