﻿<?xml version="1.0" encoding="utf-8" standalone="no" ?>
<l10n>
	<!-- Note that 'description' is only here for easier translations. It needs to be manually copied to ModDesc.XML later. -->
	<description><![CDATA[Fügt allen Fahrzeugen eine adaptive Lenkung hinzu]]></description>

	<texts>
		<text name="ksmENABLE_ON"   text="Lenkung [adaptiv]"/>
		<text name="ksmENABLE_OFF"  text="Lenkung [normal]"/>
		<text name="ksmCAMERA_ON"   text="Kamerabewegung [an]"/>
		<text name="ksmCAMERA_OFF"  text="Kamerabewegung [aus]"/>
		<text name="ksmANALOG_ON"   text="Analog Controller [an]"/>
		<text name="ksmANALOG_OFF"  text="Analog Controller [aus]"/>
		<text name="ksmREVERSE_ON"  text="Zurückblicken [an]"/>
		<text name="ksmREVERSE_OFF" text="Zurückblicken [aus]"/>
		
		<text name="input_ksmENABLE"  text="keyboardSteerMogli: Lenkung"/>
		<text name="input_ksmCAMERA"  text="keyboardSteerMogli: Kamerabewegung"/>
		<text name="input_ksmREVERSE" text="keyboardSteerMogli: Zurückblicken"/>
		<text name="input_ksmANALOG"  text="keyboardSteerMogli: Analog Controller"/>
		<text name="input_ksmPLUS"    text="Geschwindigkeitsabh. +"/>
		<text name="input_ksmMINUS"   text="Geschwindigkeitsabh. -"/>
		<text name="input_ksmUP"      text="keyboardSteerMogli: Nach vorne schauen"/>
		<text name="input_ksmDOWN"    text="keyboardSteerMogli: Nach hinten schauen"/>
		<text name="input_ksmLEFT"    text="keyboardSteerMogli: Nach links schauen"/>
		<text name="input_ksmRIGHT"   text="keyboardSteerMogli: Nach rechts schauen"/>
	</texts>
</l10n>