<?xml version="1.0" encoding="utf-8" standalone="no" ?>
<l10n>
	<description>
<![CDATA[Skrypt ten zmienia prędkość skrętu, centrowania kół i maksymalny kąt skrętu w zależności od aktualnej prędkości pojazdu.
Obraca również kamerę, aby dopasować ją do kierunku jazdy.
Wszystkie funkcje mogą zostać wyłączone za pomocą tych klawiszy:

[Lewy Ctrl + C]: Ustawienia
[Lewy Shift]: Kotrola prędkości tempomatu
[Prawy Shift + Strzałki]: Widok w przód, tył, prawo, lewo
[Spacja]: Zmiana kierunku jazdy (rewers)]]>
	</description>

	<texts>
		<text name="ksmTITLE"           text="Keyboard Steer"/>
		
		<text name="ksmCAMERA"          text="Obrót kamery"/>
		<text name="ksmEXPONENT"        text="Czułość"/>
		<text name="ksmSTEERING"        text="Sterowanie adaptacyjne"/>
		<text name="ksmSHUTTLE"         text="Rewers"/>
		<text name="ksmREVERSE"         text="Widok do tyłu"/>
		<text name="ksmLIMIT"           text="Tempomat"/>
		<text name="ksmPEEKLR"          text="Zerknięcie w bok"/>
		<text name="ksmANGLE"           text="Przeskok kątu wyrównania"/>
		<text name="ksmBRAKE"           text="Niska siła hamowania"/>
		<text name="ksmTRANSMISSION"    text="Skrzynia biegów"/>
		<text name="ksmMAXSPEED"        text="Prędkość osi"/>
		<text name="ksmLIMSPEED"        text="Speed limiter"/>
		<text name="ksmAUTOSHIFT"       text="Automat"/>
		<text name="ksmLAUNCH"          text="Załączony bieg"/>
		<text name="ksmSETTINGS"        text="Ustawienia"/>
		                                
		<text name="ksm_tip_CAMERA"     text="Kamera obraca się automatycznie zgodnie z kątem skrętu"/>
		<text name="ksm_tip_EXPONENT"   text="Czułość sterowania adaptacyjnego w odniesieniu do prędkości jazdy"/>
		<text name="ksm_tip_STEERING"   text="Sterowanie adaptacyjne automatycznie dostosowuje centrowanie kół i maksymalny kąt skrętu"/>
		<text name="ksm_tip_REVERSE"    text="Przy zmianie kierunku jazdy do tyłu, kamera zostaje obrócona o 180°"/>
		<text name="ksm_tip_SHUTTLE"    text="Zmiana kierunku jazdy (Spacja)"/>
		<text name="ksm_tip_LIMIT"      text="Kontrola prędkości tempomatu (bez/z Lewy Shift)"/>
		<text name="ksm_tip_PEEKLR"     text="Zerknij się szybko w bok (Prawy Shift + strzałki w bok)"/>
		<text name="ksm_tip_ANGLE"      text="Najnowsza funkcja"/>
		<text name="ksm_tip_BRAKE"      text="Procentowo najniża siła hamowania, czyli opór toczenia"/>
		<text name="ksm_tip_TRANSMISSION" text="Rodzaj skrzyni biegów; Przekładnia bezstopniowa (IVT), wszystkie pozostałe mają 12 różnych biegów, 2x6 jest najlepszą dla samochodów ciężarowych"/>
		<text name="ksm_tip_MAXSPEED"   text="Maksymalna prędkość najwyższego biegu, może być większa niż maksymalna prędkość pojazdu"/>
		<text name="ksm_tip_LIMSPEED"   text="Ogranicza maksymalną prędkość pojazdu do wartości domyślnej"/>
		<text name="ksm_tip_AUTOSHIFT"  text="Automatyczna zmiana biegów i zakresów"/>
		<text name="ksm_tip_LAUNCH"     text="Prędkość znamionowa włączenia biegu"/>
		                               
		<text name="input_ksmSETTINGS"  text="KeyboardSteer: Ustawienia"/>
		<text name="input_ksmUP"        text="KeyboardSteer: Zmiana widok / Widok w przód"/>
		<text name="input_ksmDOWN"      text="KeyboardSteer: Zmiana zerknięcia / Widok w tył"/>
		<text name="input_ksmLEFT"      text="KeyboardSteer: Widok w lewo"/>
		<text name="input_ksmRIGHT"     text="KeyboardSteer: Widok w prawo"/>
		<text name="input_ksmDIRECTION" text="KeyboardSteer: Zmiana kierunku jazdy"/>
		<text name="input_ksmFORWARD"   text="KeyboardSteer: Jazda w przód"/>
		<text name="input_ksmREVERSE"   text="KeyboardSteer: Jazda w tył"/>
		<text name="input_ksmSNAP"      text="KeyboardSteer: Wyrównanie kierunku jazdy"/>
		<text name="input_ksmNO_ARB"    text="KeyboardSteer: Wył. auto. spojrzenia w tył"/>
		<text name="input_ksmINCHING"   text="KeyboardSteer: Kontroler tempomatu"/>
		<text name="input_ksmGearUp"    text="KeyboardSteer: Bieg w górę"/>
		<text name="input_ksmGearDown"  text="KeyboardSteer: Bieg w dół"/>
		<text name="input_ksmRangeUp"   text="KeyboardSteer: Zakres w górę"/>
		<text name="input_ksmRangeDown" text="KeyboardSteer: Zakres w dół"/>
		<text name="input_ksmNeutral"   text="KeyboardSteer: Luz"/>
		<text name="input_ksmShifter1"  text="KeyboardSteer: G27/G29 bieg 1"/>
		<text name="input_ksmShifter2"  text="KeyboardSteer: G27/G29 bieg 2"/>
		<text name="input_ksmShifter3"  text="KeyboardSteer: G27/G29 bieg 3"/>
		<text name="input_ksmShifter4"  text="KeyboardSteer: G27/G29 bieg 4"/>
		<text name="input_ksmShifter5"  text="KeyboardSteer: G27/G29 bieg 5 / Zakres w dół"/>
		<text name="input_ksmShifter6"  text="KeyboardSteer: G27/G29 bieg 6 / Zakres w górę"/>
		<text name="input_ksmShifter7"  text="KeyboardSteer: G27/G29 bieg wsteczny"/>
	</texts>
	
	<longTexts>
		<longText name="ksm_Help_1">
<![CDATA[Skrypt ten zmienia prędkość skrętu, centrowania kół i maksymalny kąt skrętu w zależności od aktualnej prędkości pojazdu.
Ponadto kamera jest obracana zgodnie z kątem skrętu i kierunkiem jazdy. Gaz i hamulec na klawiaturze (klawisze W i S) może być ograniczony,
tylko przy naciśnięciu Lewy Shift w tym samym czasie, następuje wtedy 100% przyspieszenie lub hamowanie.
Jeśli ogranicznik przyspieszenia jest ustawiony na 100%, wówczas przyspieszenie i hamowanie są ograniczone, gdy używany jest Lewy Shift.
Wszystkie funkcje można wyłączyć.]]>
		</longText>
	</longTexts>
</l10n>
