<?xml version="1.0" encoding="utf-8" standalone="no" ?>
<l10n>
	<!-- Note that 'description' is only here for easier translations. It needs to be manually copied to ModDesc.XML later. -->
    <description><![CDATA[Aggiunge la specializzazione per lo sterzo adattivo da tastiera]]></description>

    <texts>
		<text name="ksmCAMERA"         	text="Rotazione telecamera" />
		<text name="ksmEXPONENT"       	text="Sensibilità"/>
		<text name="ksmSTEERING"       	text="Sterzo adattivo"/>
		<text name="ksmSHUTTLE"        	text="Inverti" />
		<text name="ksmREVERSE"        	text="Guarda all'indietro" />
		<text name="ksmLIMIT"          	text="Limitatore di accelerazione"/>
		<text name="ksmPEEKLR"          text="Occhiata di lato"/>
		<text name="ksmANGLE"           text="Angolo snap"/>
		<text name="ksmSETTINGS"       	text="Impostazioni"/>

		<text name="ksm_tip_CAMERA"    	text="La telecamera ruota automaticamente in base all'angolo di sterzata"/>
		<text name="ksm_tip_EXPONENT"  	text="Sensibilità dello sterzo adattivo in base alla velocità sul terreno"/>
		<text name="ksm_tip_STEERING"  	text="Lo sterzo adattivo regola la rotazione posteriore automatica e l'angolo di sterzata massimo"/>
		<text name="ksm_tip_SHUTTLE"   	text="Cambia direzione di guida con <barra spazio>"/>
		<text name="ksm_tip_REVERSE"   	text="Se il veicolo cambia direzione la telecamera viene ruotata di 180°"/>
		<text name="ksm_tip_LIMIT"     	text="Limiter dell'acceleratore con e senza tasto shift sinistro"/>
		<text name="ksm_tip_PEEKLR"     text="Dai un'occhiata con Shift-Destro e i tasti freccia accanto"/>
		<text name="ksm_tip_ANGLE"      text="Sterzare automaticamente per seguire l'angolo di snap"/>

		<text name="input_ksmSETTINGS" 	text="KeyboardSteer: impostazioni"/>
		<text name="input_ksmUP"      	text="KeyboardSteer: scambia direzione vista / guarda indietro " />
		<text name="input_ksmDOWN"    	text="KeyboardSteer: sbirciare nell'altra direzione / guarda indietro" />
		<text name="input_ksmLEFT"    	text="KeyboardSteer: guarda a sinistra" />
		<text name="input_ksmRIGHT"   	text="KeyboardSteer: guarda a destra" />
		<text name="input_ksmDIRECTION"	text="KeyboardSteer: scambia direzione di guida" />
		<text name="input_ksmFORWARD"  	text="KeyboardSteer: guida in avanti" />
		<text name="input_ksmREVERSE" 	text="KeyboardSteer: guida all'indietro" />
		<text name="input_ksmSNAP"      text="KeyboardSteer: snap direzione guida"/>
		<text name="input_ksmNO_ARB"    text="KeyboardSteer: disabilita ritorno automatico"/>
		<text name="input_ksmINCHING"   text="KeyboardSteer: inching"/>
		
    </texts>

	<longTexts>
		<longText name="ksm_Help_1">
<![CDATA[
Questo script varia la velocità di sterzata in base alla velocità che si sta guidando e ruota la telecamera per adattarla all'angolo e alla direzione dello sterzo.

Shift-Sinistro limita l'acceleratore, il cambio e il regime massimo al 75%. Con Shift-Destro e i tasti cursore puoi sbirciare nella direzione corrispondente.

Se premi Ctrl-Sinistro insieme a W, la direzione di guida scatta verso direzioni fisse.

Tutte le funzioni possono essere nuovamente disattivate.]]>
		</longText>
	</longTexts>

</l10n>
