<?xml version="1.0" encoding="utf-8" standalone="no" ?>
<l10n>
	<description>
<![CDATA[Ten skrypt urozmaica sterowanie prędkością oraz w zależności od prędkości, centrowanie kół i maksymalny kąt skrętu. 
Obraca również kamerę, aby dopasować ją do kierunku jazdy.
Wszystkie funkcje mogą zostać wyłączone za pomocą tych klawiszy:

[Lewy Ctrl + C]: Ustawienia
[Lewy Shift]: Kotrola prędkości tempomatu
[Prawy Shift + Strzałki]: Widok w przód, tył, prawo, lewo
[Spacj]: Zmiana kierunku jazdy (rewers)]]>
	</description>

	<texts>
		<text name="ksmCAMERA"          text="Obrót kamery"/>
		<text name="ksmEXPONENT"        text="Czułość"/>
		<text name="ksmSTEERING"        text="Sterowanie adaptacyjne"/>
		<text name="ksmSHUTTLE"         text="Rewers"/>
		<text name="ksmREVERSE"         text="Widok do tyłu"/>
		<text name="ksmLIMIT"           text="Tempomat"/>
		<text name="ksmSETTINGS"        text="Ustawienia"/>
		                                
		<text name="ksm_tip_CAMERA"     text="Kamera obraca się automatycznie zgodnie z kątem skrętu"/>
		<text name="ksm_tip_EXPONENT"   text="Czułość sterowania adaptacyjnego w odniesieniu do prędkości jazdy"/>
		<text name="ksm_tip_STEERING"   text="Sterowanie adaptacyjne automatycznie dostosowuje centrowanie kół i maksymalny kąt skrętu"/>
		<text name="ksm_tip_REVERSE"    text="Przy zmianie kierunku jazdy do tyłu, kamera zostaje obrócona o 180°"/>
		<text name="ksm_tip_SHUTTLE"    text="Zmiana kierunku jazdy (klawisz Spacja)"/>
		<text name="ksm_tip_LIMIT"      text="Kontrola prędkości tempomatu (z/bez klawisza lewy Shift)"/>
		                               
		<text name="input_ksmSETTINGS"  text="KeyboardSteer: Ustawienia"/>
		<text name="input_ksmUP"        text="KeyboardSteer: Widok w przód"/>
		<text name="input_ksmDOWN"      text="KeyboardSteer: Widok w tył"/>
		<text name="input_ksmLEFT"      text="KeyboardSteer: Widok w lewo"/>
		<text name="input_ksmRIGHT"     text="KeyboardSteer: Widok w prawo"/>
		<text name="input_ksmDIRECTION" text="KeyboardSteer: Zmiana kierunku jazdy"/>
		<text name="input_ksmFORWARD"   text="KeyboardSteer: Jazda w przód"/>
		<text name="input_ksmREVERSE"   text="KeyboardSteer: Jazda w tył"/>
	</texts>
</l10n>
