﻿<?xml version="1.0" encoding="utf-8" standalone="no" ?>
<l10n>
	<!-- Note that 'description' is only here for easier translations. It needs to be manually copied to ModDesc.XML later. -->
	<description><![CDATA[Adds the specialization for adaptive keyboard steering]]></description>

	<texts>
		<text name="ksmTITLE"           text="Keyboard Steer"/>
		
		<text name="ksmCAMERA"          text="Camera Rotation"/>
		<text name="ksmEXPONENT"        text="Sensitivity"/>
		<text name="ksmSTEERING"        text="Adaptive Steering"/>
		<text name="ksmSHUTTLE"         text="Shuttle"/>
		<text name="ksmREVERSE"         text="Look Backwards"/>
		<text name="ksmLIMIT"           text="Throttle Limiter"/>
		<text name="ksmPEEK"            text="Peek"/>
		<text name="ksmSETTINGS"        text="Settings"/>
		                                
		<text name="ksm_tip_CAMERA"     text="The camera rotates automatically according to the steering angle"/>
		<text name="ksm_tip_EXPONENT"   text="Sensitivity of the adaptive steering with respect to ground speed"/>
		<text name="ksm_tip_STEERING"   text="The adaptive steering adjust the automatic back rotation and the maximum steering angle"/>
		<text name="ksm_tip_REVERSE"    text="If the verhicle changes direction the camera is rotated by 180°"/>
		<text name="ksm_tip_SHUTTLE"    text="Change driving direction with <space>"/>
		<text name="ksm_tip_LIMIT"      text="Limiter of the throttle without and with left shift key"/>
		<text name="ksm_tip_PEEK"       text="Take a quick look with Shift-Right and the arrow keys"/>
		                               
		<text name="input_ksmSETTINGS"  text="KeyboardSteer: settings"/>
		<text name="input_ksmUP"        text="KeyboardSteer: look fwd"/>
		<text name="input_ksmDOWN"      text="KeyboardSteer: look back"/>
		<text name="input_ksmLEFT"      text="KeyboardSteer: look left"/>
		<text name="input_ksmRIGHT"     text="KeyboardSteer: look right"/>
		<text name="input_ksmDIRECTION" text="KeyboardSteer: change direction"/>
		<text name="input_ksmFORWARD"   text="KeyboardSteer: drive forwards"/>
		<text name="input_ksmREVERSE"   text="KeyboardSteer: drive backwards"/>
	</texts>
</l10n>