﻿<?xml version="1.0" encoding="utf-8" standalone="no" ?>
<l10n>
	<!-- Note that 'description' is only here for easier translations. It needs to be manually copied to ModDesc.XML later. -->
	<description><![CDATA[Fügt allen Fahrzeugen eine adaptive Lenkung hinzu]]></description>

	<texts>
		<text name="ksmTITLE"           text="Besser Lenken mit der Tastatur"/>
	
		<text name="ksmCAMERA"          text="Kamerabewegung"/>
		<text name="ksmEXPONENT"        text="Geschwindigkeitsabhängigkeit"/>
		<text name="ksmSTEERING"        text="Adaptive Lenkung"/>
		<text name="ksmSHUTTLE"         text="Shuttle Control"/>
		<text name="ksmREVERSE"         text="Zurückblicken"/>
		<text name="ksmLIMIT"           text="Gasbegrenzer"/>
		<text name="ksmPEEKLR"          text="Nur ein kurzer Blick"/>
		<text name="ksmANGLE"           text="Rastersteuerung"/>
		<text name="ksmSETTINGS"        text="Einstellungen"/>
		                                
		<text name="ksm_tip_CAMERA"     text="Die Kamera dreht sich passend zum Lenkeinschlag automatisch mit."/>
		<text name="ksm_tip_EXPONENT"   text="Geschwindigkeitsabhängigkeit der adaptiven Lenkung"/>
		<text name="ksm_tip_STEERING"   text="Die adaptive Lenkung verändert je nach Geschwindigkeit die Rückstellgeschwindigkeit und den maximalen Lenkwinkel"/>
		<text name="ksm_tip_SHUTTLE"    text="Fahrtrichtung mit Leertaste wechseln"/>
		<text name="ksm_tip_REVERSE"    text="Beim Wechsel zwischen Vorwärts- und Rückwärtsfahrt wird automatisch die Kamera um 180° gedrecht"/>
		<text name="ksm_tip_LIMIT"      text="Gasbegrenzer mit linker Umschalttaste"/>
		<text name="ksm_tip_PEEKLR"     text="Take a quick look with Shift-Right and the arrow keys sideways"/>
		<text name="ksm_tip_ANGLE"      text="The latest feature"/>
		                                
		<text name="input_ksmSETTINGS"  text="KeyboardSteer: Einstellungen"/>
		<text name="input_ksmUP"        text="KeyboardSteer: Blickrichtung wechseln oder nach vorne schauen"/>
		<text name="input_ksmDOWN"      text="KeyboardSteer: In die andere Richtung blicken / nach hinten schauen"/>
		<text name="input_ksmLEFT"      text="KeyboardSteer: Nach links schauen"/>
		<text name="input_ksmRIGHT"     text="KeyboardSteer: Nach rechts schauen"/>
		<text name="input_ksmDIRECTION" text="KeyboardSteer: Fahrtrichtung wechseln"/>
		<text name="input_ksmFORWARD"   text="KeyboardSteer: Fahrtrichtung vorwärts"/>
		<text name="input_ksmREVERSE"   text="KeyboardSteer: Fahrtrichtung rückwärts"/>
		<text name="input_ksmSNAP"      text="KeyboardSteer: Fahrtrichtung am Raster ausrichten"/>
	</texts>   

	<longTexts>
		<longText name="ksm_Help_1">
<![CDATA[Dieses Script variiert abhängig von der gefahrenen Geschwindigkeit die Lenkgeschwindigkeit, die Rückstellgeschwindigkeit und den maximalen Lenkeinschlag. 
Außerdem dreht es die Kamera passend zum Lenkeinschlag und zur Fahrtrichtung. Das digitale Gaspedal (Tasten A und W) kann begrenzt werden
Nur, wenn gleichzeitig die Taste Umschalt Links gedrückt wird, dann wird zu 100% Gas gegeben, bzw. gebremst. 
Stellt man den Gasbegrenzer auf aber 100%, dann wird bei Umschalt Links nun Gaspedal und Bremse begrenzt.

Alle Funktionen lassen sich auch wieder ausschalten.]]>
		</longText>
	</longTexts>
</l10n>