﻿<?xml version="1.0" encoding="utf-8" standalone="no" ?>
<l10n>
	<!-- Note that 'description' is only here for easier translations. It needs to be manually copied to ModDesc.XML later. -->
	<description><![CDATA[Adds the specialization for adaptive keyboard steering]]></description>

	<texts>
		<text name="ksmCAMERA"         text="Camera Rotation"/>
		<text name="ksmEXPONENT"       text="Sensitivity"/>
		<text name="ksmSTEERING"       text="Adaptive Steering"/>
		<text name="ksmANALOG"         text="Analogue Controller"/>
		<text name="ksmREVERSE"        text="Look Backwards"/>
		<text name="ksmLIMIT"          text="Throttle Limiter"/>
		<text name="ksmSETTINGS"       text="FS17_KeyboardSteer: Settings"/>
		                               
		<text name="ksm_tip_CAMERA"    text="The camera rotates automatically according to the steering angle"/>
		<text name="ksm_tip_EXPONENT"  text="Sensitivity of the adaptive steering with respect to ground speed"/>
		<text name="ksm_tip_STEERING"  text="The adaptive steering adjust the automatic back rotation and the maximum steering angle"/>
		<text name="ksm_tip_ANALOG"    text="Enable adaptive steering for analogue controllers"/>
		<text name="ksm_tip_REVERSE"   text="If the verhicle changes direction the camera is rotated by 180°"/>
		<text name="ksm_tip_LIMIT"     text="Limiter of the throttle without and with left shift key"/>
		                               
		<text name="input_ksmENABLE"   text="KeyboardSteer: adaptive steering"/>
		<text name="input_ksmCAMERA"   text="KeyboardSteer: camera rotation"/>
		<text name="input_ksmREVERSE"  text="KeyboardSteer: look backwards"/>
		<text name="input_ksmSETTINGS" text="KeyboardSteer: settings"/>
		<text name="input_ksmUP"       text="KeyboardSteer: look fwd"/>
		<text name="input_ksmDOWN"     text="KeyboardSteer: look back"/>
		<text name="input_ksmLEFT"     text="KeyboardSteer: look left"/>
		<text name="input_ksmRIGHT"    text="KeyboardSteer: look right"/>
	</texts>
</l10n>