﻿<?xml version="1.0" encoding="utf-8" standalone="no" ?>
<modDesc descVersion="41">
	<author>mogli</author>
	<title>
		<en>Keyboard Steer</en>
		<de>Keyboard Steer</de> 
		<fr>Keyboard Steer</fr> 
		<es>Keyboard Steer</es> 
	</title>
	<description>
		<en><![CDATA[
This script varies depending on the speed, the steering speed, the return speed (autoRotateBackSpeed) and the maximum steering angle. 
It also rotates the camera to match the steering the moving direction.
All functions can also be off again, with the following keys:

[Shift Left + Up]: Moving Camera on / off, default is on
[Shift Left + Down]: Look backwards on / off, default is on
[Shift Left + Space]: Shuttle control backwards on / off, default is on
[Shift Right + Cursor]: look forward, backwards, left right
[Space]: Change direction (aka shuttle control)
]]></en>
		<de><![CDATA[
Dieses Script variiert abhängig von der gefahrenen Geschwindigkeit die Lenkgeschwindigkeit, die Rückstellgeschwindigkeit und den maximalen Lenkeinschlag. 
Außerdem dreht es die Kamera passend zum Lenkeinschlag und zur Fahrtrichtung. Das digitale Gaspedal (Tasten A und W) wird nun auf 80% begrenzt. 
Nur, wenn gleichzeitig die Taste Umschalt Links gedrückt wird, dann wird zu 100% Gas gegeben, bzw. gebremst. 
Stellt man den Gasbegrenzer auf aber 100%, dann wird bei Umschalt Links nun Gaspedal und Bremse auf 75% begrenzt.

Alle Funktionen lassen sich auch wieder ausschalten, und zwar mit folgenden Tasten:

[Umschalt Links + Pfeil hoch]: Bewegliche Kamera an/aus, Default ist an
[Umschalt Links + Pfeil runter]: Zurückblicken an/aus, Default ist an
[Umschalt Links + Leertaste]: Shuttle-Control an/aus, Default ist an
[Umschalt Rechts + Pfeiltaste]: Nach vorne, hinten, links, rechts blicken
[Leertaste]: Fahrtrichtung wechseln
		]]></de>
	</description>
	<multiplayer supported="true"/>   
	<iconFilename>store.dds</iconFilename>
	<version>0.0.0.4</version>
	<l10n filenamePrefix="modDesc_l10n">
		<text name="ksmVERSION">
			<de>KeyboardSteer v0.0.0.4</de>
			<en>KeyboardSteer v0.0.0.4</en>
		</text>
	</l10n>
	
	<actions>
		<action name="ksmENABLE"    category="VEHICLE"/>
		<action name="ksmCAMERA"    category="VEHICLE"/>
		<action name="ksmREVERSE"   category="VEHICLE"/>
		<action name="ksmSETTINGS"  category="VEHICLE"/>
		<action name="ksmUP"        category="VEHICLE"/>
		<action name="ksmDOWN"      category="VEHICLE"/>
		<action name="ksmLEFT"      category="VEHICLE"/>
		<action name="ksmRIGHT"     category="VEHICLE"/>
		<action name="ksmSHUTTLE"   category="VEHICLE"/>
		<action name="ksmDIRECTION" category="VEHICLE"/>
	</actions>
	<inputBinding>
		<actionBinding action="ksmENABLE">	
			<binding device="KB_MOUSE_DEFAULT" input="KEY_lshift KEY_e"     axisComponent="+" inputComponent="+" index="1"/>
		</actionBinding>	
		<actionBinding action="ksmCAMERA">	
			<binding device="KB_MOUSE_DEFAULT" input="KEY_lshift KEY_c"     axisComponent="+" inputComponent="+" index="1"/>
		</actionBinding>	
		<actionBinding action="ksmREVERSE">	
			<binding device="KB_MOUSE_DEFAULT" input="KEY_lshift KEY_r"     axisComponent="+" inputComponent="+" index="1"/>
		</actionBinding>	
		<actionBinding action="ksmSETTINGS">	
			<binding device="KB_MOUSE_DEFAULT" input="KEY_lctrl KEY_c"      axisComponent="+" inputComponent="+" index="1"/>
		</actionBinding>	
		<actionBinding action="ksmUP">	
			<binding device="KB_MOUSE_DEFAULT" input="KEY_rshift KEY_up"    axisComponent="+" inputComponent="+" index="1"/>
		</actionBinding>	
		<actionBinding action="ksmDOWN">	
			<binding device="KB_MOUSE_DEFAULT" input="KEY_rshift KEY_down"  axisComponent="+" inputComponent="+" index="1"/>
		</actionBinding>	
		<actionBinding action="ksmLEFT">	
			<binding device="KB_MOUSE_DEFAULT" input="KEY_rshift KEY_left"  axisComponent="+" inputComponent="+" index="1"/>
		</actionBinding>	
		<actionBinding action="ksmRIGHT">	
			<binding device="KB_MOUSE_DEFAULT" input="KEY_rshift KEY_right" axisComponent="+" inputComponent="+" index="1"/>
		</actionBinding>	
		<actionBinding action="ksmSHUTTLE">	
			<binding device="KB_MOUSE_DEFAULT" input="KEY_lctrl KEY_space"  axisComponent="+" inputComponent="+" index="1"/>
		</actionBinding>	
		<actionBinding action="ksmDIRECTION">	
			<binding device="KB_MOUSE_DEFAULT" input="KEY_space"            axisComponent="+" inputComponent="+" index="1"/>
		</actionBinding>	
	</inputBinding>
	
	<extraSourceFiles>
		<sourceFile filename="register.lua" />
	</extraSourceFiles>    
</modDesc>
