<?xml version="1.0" encoding="utf-8" standalone="no" ?>
<KSMGlobals>
	<cameraRotFactor     type="float" value="0.7"/>
	<cameraRotFactorRev  type="float" value="0.4"/>
	<cameraRotTime       type="float" value="0.001"/>
  <speedFxInc  	       type="float" value="0.5"/>     
  <timer4Reverse       type="int"   value="500"/>     
	<axisForwardSmooth   type="float" value="0.002"/> 
	<enableAnalogCtrl    type="bool"  value="false"/>
	<axisForwardGearbox  type="bool"  value="false"/>
	
 <!-- parameters -->
 <minSpeed4Fx type="float" value="0"/>
 <speedFxPoint1 type="float" value="12.5"/>
 <speedFxPoint2 type="float" value="25"/>
 <speedFxPoint3 type="float" value="50"/>
 <maxSpeed4Fx type="float" value="100"/>
 <autoRotateBackFx0 type="float" value="0.1"/>
 <autoRotateBackFx1 type="float" value="1"/>
 <autoRotateBackFx2 type="float" value="2"/>
 <autoRotateBackFx3 type="float" value="3"/>
 <autoRotateBackFxMax type="float" value="4"/>
 <axisSideFx0 type="float" value="2"/>
 <axisSideFx1 type="float" value="1.2"/>
 <axisSideFx2 type="float" value="0.9"/>
 <axisSideFx3 type="float" value="0.6"/>
 <axisSideFxMax type="float" value="0.25"/>
 <maxRotTimeFx0 type="float" value="1"/>
 <maxRotTimeFx1 type="float" value="1"/>
 <maxRotTimeFx2 type="float" value="1"/>
 <maxRotTimeFx3 type="float" value="1"/>
 <maxRotTimeFxMax type="float" value="0.7"/>
 <waitTimeFx0 type="float" value="2"/>
 <waitTimeFx1 type="float" value="2"/>
 <waitTimeFx2 type="float" value="1.9"/>
 <waitTimeFx3 type="float" value="1.6"/>
 <waitTimeFxMax type="float" value="1"/>
	
	<autoRotateBackWait	type="float" value="0.75"/>
	<axisSideWait       type="float" value="0.25"/>
	<limitThrottle      type="int"   value="15"/> <!-- 9 => 90%/100% 15 => 100%/75% -->
	
	<!-- defaults -->
	<ksmSteeringIsOn     type="bool"  value="true"/>
	<ksmCameraIsOn       type="bool"  value="false"/>
	<ksmCamInsideIsOn    type="bool"  value="true"/>
	<ksmReverseIsOn      type="bool"  value="true"/>
	<ksmDrawIsOn         type="bool"  value="false"/>
</KSMGlobals>



