﻿<?xml version="1.0" encoding="utf-8" standalone="no" ?>
<l10n>
	<!-- Note that 'description' is only here for easier translations. It needs to be manually copied to ModDesc.XML later. -->
	<description><![CDATA[Fügt allen Fahrzeugen eine adaptive Lenkung hinzu]]></description>

	<texts>
		<text name="ksmInputPrefix" text="keyboardSteerMogli: "/>
		
		<text name="ksmCAMERA"      text="Kamerabewegung"/>
		<text name="ksmEXPONENT"    text="Geschwindigkeitsabhängigkeit"/>
		<text name="ksmSTEERING"    text="Adaptive Lenkung"/>
		<text name="ksmANALOG"      text="Analog Controller"/>
		<text name="ksmREVERSE"     text="Zurückblicken"/>
		<text name="ksmLIMIT"       text="Gaspedalbegrenzer"/>
		
		<text name="ksmENABLE_ON"   text="Lenkung [adaptiv]"/>
		<text name="ksmENABLE_OFF"  text="Lenkung [normal]"/>
		<text name="ksmCAMERA_ON"   text="Kamerabewegung [an]"/>
		<text name="ksmCAMERA_OFF"  text="Kamerabewegung [aus]"/>
		<text name="ksmANALOG_ON"   text="Analog Controller [an]"/>
		<text name="ksmANALOG_OFF"  text="Analog Controller [aus]"/>
		<text name="ksmREVERSE_ON"  text="Zurückblicken [an]"/>
		<text name="ksmREVERSE_OFF" text="Zurückblicken [aus]"/>
		
		<text name="input_ksmENABLE"   text="keyboardSteerMogli: Lenkung"/>
		<text name="input_ksmCAMERA"   text="keyboardSteerMogli: Kamerabewegung"/>
		<text name="input_ksmREVERSE"  text="keyboardSteerMogli: Zurückblicken"/>
		<text name="input_ksmSETTINGS" text="keyboardSteerMogli: Einstellungen"/>
		<text name="input_ksmUP"       text="keyboardSteerMogli: Nach vorne schauen"/>
		<text name="input_ksmDOWN"     text="keyboardSteerMogli: Nach hinten schauen"/>
		<text name="input_ksmLEFT"     text="keyboardSteerMogli: Nach links schauen"/>
		<text name="input_ksmRIGHT"    text="keyboardSteerMogli: Nach rechts schauen"/>
	</texts>

	<longTexts>
		<longText name="ksm_Help_1">
<![CDATA[Dieses Script variiert abhängig von der gefahrenen Geschwindigkeit die Lenkgeschwindigkeit, die Rückstellgeschwindigkeit und den maximalen Lenkeinschlag. 
Außerdem dreht es die Kamera passend zum Lenkeinschlag und zur Fahrtrichtung. Das digitale Gaspedal (Tasten A und W) kann begrenzt werden
Nur, wenn gleichzeitig die Taste Umschalt Links gedrückt wird, dann wird zu 100% Gas gegeben, bzw. gebremst. 
Stellt man den Gasbegrenzer auf aber 100%, dann wird bei Umschalt Links nun Gaspedal und Bremse begrenzt.

Alle Funktionen lassen sich auch wieder ausschalten.]]>
		</longText>
	</longTexts>
</l10n>