﻿<?xml version="1.0" encoding="utf-8" standalone="no" ?>
<modDesc descVersion="32">
	<author>mogli</author>
	<title>
		<en>Keyboard Steer</en>
		<de>Keyboard Steer</de> 
		<fr>Keyboard Steer</fr> 
		<es>Keyboard Steer</es> 
	</title>
	<description>
		<en><![CDATA[
This script varies depending on the speed, the steering speed, the return speed (autoRotateBackSpeed) and the maximum steering angle. 
It also rotates the camera to match the steering the moving direction.
All functions can also be off again, with the following keys:

[Shift Left + C]: Moving Camera on / off, default is on
[Shift Left + E]: Adaptive steering on / off, default is on
[Shift Left + R]: Look backwards on / off, default is on
[Ctrl + E Links]: increase sensitivity
[Ctrl + C Links]: lower sensitivity
[Shift Right + Cursor]: look forward, backwards, left right

Changelog v2.1:
- Bugfix infinite rotation in MP
- Bugfix tractor with reverse driving like Fendt 900 Vario or Valtra
- Adjusted steering for better control above 50 km/h
]]></en>
		<de><![CDATA[
Dieses Script variiert abhängig von der gefahrenen Geschwindigkeit die Lenkgeschwindigkeit, die Rückstellgeschwindigkeit und den maximalen Lenkeinschlag. 
Außerdem dreht es die Kamera passend zum Lenkeinschlag und zur Fahrtrichtung. Das digitale Gaspedal (Tasten A und W) wird nun auf 80% begrenzt. 
Nur, wenn gleichzeitig die Taste Umschalt Links gedrückt wird, dann wird zu 100% Gas gegeben, bzw. gebremst. 
Stellt man den Gasbegrenzer auf aber 100%, dann wird bei Umschalt Links nun Gaspedal und Bremse auf 75% begrenzt.

Alle Funktionen lassen sich auch wieder ausschalten, und zwar mit folgenden Tasten:

[Umschalt Links + C]: Bewegliche Kamera an/aus, Default ist an
[Umschalt Links + E]: Adaptive Lenkung an/aus, Default ist an
[Umschalt Links + R]: Zurückblicken an/aus, Default ist an
[Strg Links + E]: Empfindlichkeit erhöhen
[Strg Links + C]: Empfindlichkeit senken
[Strg Links + W]: Gaspedalberenzer erhöhen
[Strg Links + A]: Gaspedalberenzer senken
[Umschalt Rechts + Pfeiltaste]: Nach vorne, hinten, links, rechts blicken

Änderungen v2.1:
- Korrektur unendlliche Rotation in MP
- Korrektur für Traktoren mit Rückfahrfunktion, z.B. Fendt 900 Vario oder Valtra
- Bessere Parameter für mehr Kontrolle über 50 km/h
- Gaspedalberenzer mit Default 80%
		]]></de>
		<fr><![CDATA[
Ce script varie en fonction de la vitesse, la vitesse de direction, la vitesse et la restauration de l'angle de braquage maximal.
Il tourne aussi l'appareil pour correspondre à l'angle de braquage et la direction de Voyage.
Toutes les fonctions peuvent également être éteint à nouveau, avec les touches suivantes:

[Maj + Gauche C]: caméra portable on / off, par défaut est sur
[Maj + Gauche E]: direction Adaptive marche / arrêt, par défaut est sur
[Maj + Gauche R]: En regardant en arrière on / off, par défaut est sur
[Ctrl + Gauche E]: augmenter la sensibilité ksmMINUS [Ctrl + Gauche C]: réduire la sensibilité
[Maj + flèche droite du clavier]: Looking Forward, arrière, gauche, droite
]]></fr>
		<ru><![CDATA[
		Этот скрипт меняет чувствительность рулевого управления, скорость возврата и максимальный угол поворота рулевого колеса в зависимости от скорости движения.
Он также может поворачивать камеру в соответствии с углом поворота колес и направлением движения.
Педаль цифрового акселератора теперь ограничена 80%.
Теперь только при нажатии клавиши Left Shift, будете ускорятся или оттормаживтся на все 100% усилия.
Если же вы установите ограничитель цифрового акселератора на 100%, тогда при зажатом Left Shift педаль акселератора или торможение будут ограничиваться на 75% .

Все функции можно отключить/настроить следующими сочетаниями клавиш:

[Left Shift + C]: включение/выключение камеры; по умолчанию включено
[Left Shift + E]: включение/выключение адаптивного рулевого управления; по умолчанию включено
[Left Shift + R]: оглянуться назад/выключить; по умолчанию включено
[Left Ctrl + E]: увеличить чувствительность
[Left Ctrl + C]: снизить чувствительность
[Left Ctrl + W]: увеличить педаль акселератора
[Left Ctrl + A]: понизить педаль акселератора
[Right Shift + стрелки]: смотреть вперед, назад, влево, вправо

Изменения v2.1:
- исправлено бесконечного вращения в MP
- исправление для тракторов с функцией реверсирования, например. Fendt 900 Vario или Valtra
- улучшены параметры для большего контроля при скорости более 50 км/ч
- педаль акселератора по умолчанию 80%
]]></ru>
		<es><![CDATA[Añade la capacidad de modular el volante en la conducción con el teclado]]></es>
	</description>
	<multiplayer supported="true"/>   
	<iconFilename>store.dds</iconFilename>
	<version>2.1.2.0</version>
	<l10n filenamePrefix="modDesc_l10n">
		<text name="ksmVERSION">
			<de>KeyboardSteer v2.2 beta 10</de>
			<en>KeyboardSteer v2.2 beta 10</en>
			<fr>KeyboardSteer v2.2 beta 10</fr>
			<es>KeyboardSteer v2.2 beta 10</es>
		</text>
	</l10n>
	<inputBindings>
		<input name="ksmENABLE"   key1="KEY_lshift KEY_e" button="" category="VEHICLE" />
		<input name="ksmCAMERA"   key1="KEY_lshift KEY_c" button="" category="VEHICLE" />
		<input name="ksmREVERSE"  key1="KEY_lshift KEY_r" button="" category="VEHICLE" />
		<input name="ksmSETTINGS" key1="KEY_lctrl KEY_c"  button="" category="VEHICLE" />
		<input name="ksmUP"       key1="KEY_rshift KEY_up"  button="" category="VEHICLE" />
		<input name="ksmDOWN"     key1="KEY_rshift KEY_down"  button="" category="VEHICLE" />
		<input name="ksmLEFT"     key1="KEY_rshift KEY_left"  button="" category="VEHICLE" />
		<input name="ksmRIGHT"    key1="KEY_rshift KEY_right"  button="" category="VEHICLE" />
	</inputBindings>
	<extraSourceFiles>
		<sourceFile filename="register.lua" />
	</extraSourceFiles>    
</modDesc>
