﻿<?xml version="1.0" encoding="utf-8" standalone="no" ?>
<modDesc descVersion="32">
	<author>mogli</author>
	<title>
		<en>KeyboardSteer</en>
		<de>KeyboardSteer</de> 
		<fr>KeyboardSteer</fr> 
	</title>
	<description>
		<en><![CDATA[
This script varies depending on the speed, the steering speed, the return speed (autoRotateBackSpeed) and the maximum steering angle. 
It also rotates the camera to match the steering the moving direction.
All functions can also be off again, with the following keys:

[Shift Left + C]: Moving Camera on / off, default is on

[Shift Left + E]: Adaptive steering on / off, default is on

[Shift Left + R]: Look backwards on / off, default is on

[Ctrl + E Links]: increase sensitivity

[Ctrl + C Links]: lower sensitivity

[Shift Right + Cursor]: look forward, backwards, left right
]]></en>
		<de><![CDATA[
Dieses Script variiert abhängig von der gefahrenen Geschwindigkeit die Lenkgeschwindigkeit, die Rückstellgeschwindigkeit und den maximalen Lenkeinschlag. 
Außerdem dreht es die Kamera passend zum Lenkeinschlag und zur Fahrtrichtung. 
Alle Funktionen lassen sich auch wieder ausschalten, und zwar mit folgenden Tasten:

[Umschalt Links + C]: Bewegliche Kamera an/aus, Default ist an

[Umschalt Links + E]: Adaptive Lenkung an/aus, Default ist an

[Umschalt Links + R]: Zurückblicken an/aus, Default ist an

[Strg Links + E]: Empfindlichkeit erhöhen ksmMINUS [Strg Links + C]: Empfindlichkeit senken

[Umschalt Rechts + Pfeiltaste]: Nach vorne, hinten, links, rechts blicken
		]]></de>
		<fr><![CDATA[
Ce script varie en fonction de la vitesse, la vitesse de direction, la vitesse et la restauration de l'angle de braquage maximal.
Il tourne aussi l'appareil pour correspondre à l'angle de braquage et la direction de Voyage.
Toutes les fonctions peuvent également être éteint à nouveau, avec les touches suivantes:

[Maj + Gauche C]: caméra portable on / off, par défaut est sur

[Maj + Gauche E]: direction Adaptive marche / arrêt, par défaut est sur

[Maj + Gauche R]: En regardant en arrière on / off, par défaut est sur

[Ctrl + Gauche E]: augmenter la sensibilité ksmMINUS [Ctrl + Gauche C]: réduire la sensibilité

[Maj + flèche droite du clavier]: Looking Forward, arrière, gauche, droite
]]></fr>
	</description>
	<multiplayer supported="true"/>   
	<iconFilename>store.dds</iconFilename>
	<version>2.0.1.4</version>
	<l10n filenamePrefix="modDesc_l10n">
		<text name="ksmVERSION">
			<de>KeyboardSteer v2.1 beta 4</de>
			<en>KeyboardSteer v2.1 beta 4</en>
			<fr>KeyboardSteer v2.1 beta 4</fr>
		</text>
	</l10n>
	<inputBindings>
		<input name="ksmENABLE"  hidden="true" key1="KEY_lshift KEY_e" button="" category="VEHICLE" />
		<input name="ksmCAMERA"  hidden="true" key1="KEY_lshift KEY_c" button="" category="VEHICLE" />
		<input name="ksmREVERSE" hidden="true" key1="KEY_lshift KEY_r" button="" category="VEHICLE" />
		<input name="ksmANALOG"  hidden="true" key1="KEY_lshift KEY_lctrl KEY_c" button="" category="VEHICLE" />
		<input name="ksmPLUS"    hidden="true" key1="KEY_lctrl KEY_e"  button="" category="VEHICLE" />
		<input name="ksmMINUS"   hidden="true" key1="KEY_lctrl KEY_c"  button="" category="VEHICLE" />
		<input name="ksmUP"      hidden="true" key1="KEY_rshift KEY_up"  button="" category="VEHICLE" />
		<input name="ksmDOWN"    hidden="true" key1="KEY_rshift KEY_down"  button="" category="VEHICLE" />
		<input name="ksmLEFT"    hidden="true" key1="KEY_rshift KEY_left"  button="" category="VEHICLE" />
		<input name="ksmRIGHT"   hidden="true" key1="KEY_rshift KEY_right"  button="" category="VEHICLE" />
	</inputBindings>
	<extraSourceFiles>
		<sourceFile filename="register.lua" />
	</extraSourceFiles>    
</modDesc>