﻿<?xml version="1.0" encoding="utf-8" standalone="no" ?>
<l10n>
    <description><![CDATA[Aggiunge la specializzazione per lo sterzo adattivo da tastiera]]></description>
    <texts>
        <text name="ksmENABLE_ON"     text="Sterzo [adattivo]" />
        <text name="ksmENABLE_OFF"    text="Sterzo [normale]" />
        <text name="ksmCAMERA_ON"     text="Movimento telecamera [attivo]" />
        <text name="ksmCAMERA_OFF"    text="Movimento telecamera [disattivo]" />
        <text name="ksmANALOG_ON"     text="Controller analogico [attivo]" />
        <text name="ksmANALOG_OFF"    text="Controller analogico [disattivo]" />
        <text name="ksmREVERSE_ON"    text="Vista retromarcia [attivo]" />
        <text name="ksmREVERSE_OFF"   text="Vista retromarcia [disattivo]" />
        <text name="input_ksmENABLE"  text="KeyboardSteerMogli: Sterzo" />
        <text name="input_ksmCAMERA"  text="KeyboardSteerMogli: Movimento telecamera" />
        <text name="input_ksmANALOG"  text="KeyboardSteerMogli: Controller analogico" />
        <text name="input_ksmREVERSE" text="KeyboardSteerMogli: Vista retromarcia" />
        <text name="input_ksmUP"      text="KeyboardSteerMogli: Guarda avanti" />
        <text name="input_ksmDOWN"    text="KeyboardSteerMogli: Guarda dietro" />
        <text name="input_ksmLEFT"    text="KeyboardSteerMogli: Guarda sinistra" />
        <text name="input_ksmRIGHT"   text="KeyboardSteerMogli: Guarda destra" />
        <text name="input_ksmPLUS"    text="KeyboardSteerMogli: Sensibilità velocità +" />
        <text name="input_ksmMINUS"   text="KeyboardSteerMogli: Sensibilità velocità -" />
    </texts>
</l10n>
