﻿<?xml version="1.0" encoding="utf-8" standalone="no" ?>
<l10n>
    <translationContributors>leo32128fs</translationContributors>
	
    <!-- Observe que 'descrição' está aqui apenas para traduções mais fáceis. Ele precisa ser copiado manualmente para ModDesc.XML posteriormente. --> 
	<descrição><![CDATA[Este script varia a velocidade da direção dependendo da velocidade em que você está dirigindo ele gira a câmera para coincidir com o ângulo e a direção do veiculo .
Shift-Left limita o acelerador, o controle de cruzeiro e as rotações por minuto em 75%. Com Shift-right e as teclas do cursor, você pode olhar na direção correspondente.
Se você pressionar Ctrl a esquerda junto com W, a direção se ajustará a direções fixas.

Todas as funções são ajustáveis ​​com as seguintes combinações de teclas padrão:
[Ctrl Left + C]: Configurações
[Ctrl Left + W]: Ângulo de ajuste (continuar)
[Alt Left + W]: Ângulo de ajuste (reiniciar)
[Shift Left]: Limitador de velocidade / velocidade reduzida do controle de cruzeiro
[Shift Right + Cursor]: olhar para frente, para trás, esquerda direita
[Espaço]: Mudança de direção (também conhecido como reversão)
[[]: Subir marcha
[']: Reduzir marcha
[]]: Subir caixa
[#]: reduzir caixa
[;]: Neutro e freio de mão]]></descrição>

	<texts>
		<text name="vcaCAMERAI"         text="Rotação da Câmera Interna "/>
		<text name="vcaCAMERAO"         text="Rotação da Câmera Externa"/>
		<text name="vcaEXPONENT"        text="Sensibilidade"/>
		<text name="vcaSTEERING"        text="Direção Adaptativa"/>
		<text name="vcaSHUTTLE"         text="Câmbio"/>
		<text name="vcaREVERSE"         text="Olhe para Trás"/>
		<text name="vcaREVERSEI"        text="Olhe para Trás (dentro)"/>
		<text name="vcaREVERSEO"        text="Olhe para Trás (fora)"/>
		<text name="vcaLIMIT"           text="Limitador de aceleração"/>
		<text name="vcaPEEKLR"          text="Olhe para o lado"/>
		<text name="vcaANGLE"           text="Ângulo de encaixe"/>
		<text name="vcaBRAKE"           text="Baixa força de frenagem"/>
		<text name="vcaTRANSMISSION"    text="Transmissão"/>
		<text name="vcaMAXSPEED"        text="Velocidade do Eixo"/>
		<text name="vcaLIMSPEED"        text="Limite de Velocidade"/>
		<text name="vcaAUTOSHIFT"       text="Automático"/>
		<text name="vcaLAUNCH"          text="Velocidade de Arranque"/>
		<text name="vcaKEEPSPEED"       text="Manter Velocidade Permanente"/>
		<text name="vcaNO_ARB"          text="Direção Livre"/>
		<text name="vcaHANDTHROTTLE"    text="Acelerador de Mão"/>
		<text name="vcaPITCH"           text="Volume do Som RPM Máximo"/>
		<text name="vcaSETTINGS"        text="Configurações"/>
		<text name="vcaDRAWHUD"         text="HUD da Transmissão"/>

		<text name="vcaDISTANCE"        text="Largura de trabalho"/>
		<text name="vcaOFFSET1"         text="Deslocamento da ferramenta"/>
		<text name="vcaOFFSET2"         text="Deslocamento inverso"/>
		<text name="vcaSNAP90"          text="Encaixe a cada 90°"/>
		<text name="vcaDRAWMARKER"      text="Desenhar linhas-guia"/>
		<text name="vcaPITCH1"          text="Som linear"/>
		<text name="vcaPITCH2"          text="Som em RPM médio"/>
		<text name="vcaBLOWOFFVOL"      text="Volume do turbo"/>
		<text name="vcaSINGLEREV"       text="Marcha ré simples"/>
		<text name="vcaAUTOCLUTCH"      text="Embreagem automática"/>
		<text name="vcaTURBOCLUTCH"     text="Embreagem turbo"/>
		<text name="vcaGEARRATIOF"      text="Min. velocidade da marcha"/>
		<text name="vcaGEARRATIOT"      text="máx. velocidade da marcha"/>
		<text name="vcaG27MODE"         text="Modo do câmbio G27/G29 "/>
		<text name="vcaHIREDWORKER"     text="Transmissão e trabalhador contratado"/>
		<text name="vcaOWNMINSPEED"     text="Velocidade da 1ª marcha"/>
		<text name="vcaOWNMINRANGE"     text="Velocidade da 1ª marcha e 1ª caixa -"/>
		<text name="vcaOWNMAXRANGE"     text="Velocidade da 2ª caixa mais alta -"/>
		<text name="vcaOWNGEARS"        text="Número de marchas"/>
		<text name="vcaOWNRANGES"       text="Número de caixas"/>
		<text name="vcaOWNGEARTIME"     text="hora de mudar marcha"/>
		<text name="vcaOWNRANGETIME"    text="hora de mudar caixa"/>
		<text name="vcaOWNAUTOGEARS"    text="Marchas automáticas"/>
		<text name="vcaOWNAUTORANGE"    text="Caixas automáticas"/>
		<text name="vcaOWNREVGEARS"     text="Marchas reversas"/>
		<text name="vcaOWNREVRANGE"     text="Caixas reversas"/>
		<text name="vcaOWNREVRATIO"     text="Relação reversa"/>
		<text name="vcaOWNSPLITG27"     text="Divida as marchas G27"/>

		<text name="vcaAntiSlip"        text="Controle de tração"/>
		<text name="vcaDiffManual"      text="Tração nas quatro rodas e diferenciais"/>
		<text name="vcaDiffFrontAdv"    text="Aumenta a velocidade do eixo dianteiro"/>
		<text name="vcaDiffLockSwap"    text="Alternar entre o eixo dianteiro e traseiro"/>
		<text name="vcaHudX"            text="Posição horizontal do HUD"/>
		<text name="vcaHudY"            text="Posição vertical do HUD"/>
		<text name="vcaHIREDWORKER2"    text="Diferenciais e contratados"/>
		
		<text name="vcaSPEEDLIMITF"     text="Limite de velocidade"/>
		<text name="vcaSPEEDLIMITB"     text="Velocidade máxima reversa"/>
		<text name="vcaRATEDPOWER"      text="Potência nominal em HP"/>
		<text name="vcaTORQUECURVE"     text="Curva de torque mais realista"/>
		<text name="vcaROTACCTIME"      text="Tempo de aceleração do motor"/>
		<text name="vcaGEARRGMODE"      text="Troque as chaves de marcha e caixa"/>
		
		<text name="vca_tip_CAMERAI"      text="Gira automaticamente a câmera interna de acordo com o ângulo de direção"/>
		<text name="vca_tip_CAMERAO"      text="Gira automaticamente a câmera externa de acordo com o ângulo de direção"/>
		<text name="vca_tip_EXPONENT"     text="Sensibilidade de direção adaptável com base da velocidade no solo"/>
		<text name="vca_tip_STEERING"     text="A direção adaptativa ajusta a rotação traseira automática e o ângulo máximo de direção"/>
		<text name="vca_tip_SHUTTLE"      text="Altere a direção com a &lt; barra de espaço &gt;"/>
		<text name="vca_tip_REVERSEI"     text="Se o veículo mudar de direção, a câmera interna é girada 180°"/>
		<text name="vca_tip_REVERSEO"     text="Se o veículo mudar de direção, a câmera externa é girada 180°"/>
		<text name="vca_tip_LIMIT"        text="Limitador do acelerador sem e com tecla shift esquerda"/>
		<text name="vca_tip_PEEKLR"       text="Dê uma olhada rápida com Shift-Direito e as setas esquerda / direita"/>
		<text name="vca_tip_ANGLE"        text="Direciona automaticamente para seguir o ângulo das linhas-guia"/>
		<text name="vca_tip_BRAKE"        text="Porcentagem de frenagem lenta, também conhecida como resistência à inércia"/>
		<text name="vca_tip_TRANSMISSION" text="Tipo de transmissão; Transmissão variável IVT, todas as outras transmissões têm 12 marchas diferentes, 2x6 é a melhor para caminhões"/>
		<text name="vca_tip_MAXSPEED"     text="A velocidade máxima da marcha mais alta pode ser mais rápida do que a velocidade máxima do veículo"/>
		<text name="vca_tip_LIMSPEED"     text="Limita a velocidade máxima do veículo a este valor"/>
		<text name="vca_tip_AUTOSHIFT"    text="Mudança automática de marchas e Caixas"/>
		<text name="vca_tip_LAUNCH"       text="Velocidade nominal da marcha inicial"/>
		<text name="vca_tip_KEEPSPEED"    text="Se a velocidade permanente estiver ativada, o pedal de acelerador se comporta como um joystick. É como dirigir com controle de cruzeiro."/>
		<text name="vca_tip_NO_ARB"       text="Se a direção livre estiver habilitada, a direção não volta automaticamente "/>
		<text name="vca_tip_HANDTHROTTLE" text="O motor acelera automaticamente para alcançar o acelerador manual RPM"/>
		<text name="vca_tip_PITCH"        text="Volume de som em RPM máximo"/>
		<text name="vca_tip_DRAWHUD"      text="Mostrar ou ocultar HUD de transmissão"/>
		
		<text name="vca_tip_DISTANCE"     text="Distância entre duas linhas-guia"/>
		<text name="vca_tip_OFFSET1"      text="Deslocamento das linhas-guias"/>
		<text name="vca_tip_OFFSET2"      text="Deslocamento inverso das linhas-guia"/>
		<text name="vca_tip_SNAP90"       text="Rotação automática da direção automática em 90°."/>
		<text name="vca_tip_DRAWMARKER"   text="Mostra o caminho da direção automática"/>
		<text name="vca_tip_PITCH1"       text="Modificação do campo de som para torná-lo linear"/>
		<text name="vca_tip_PITCH2"       text="Volume do som médio RPM"/>
		<text name="vca_tip_BLOWOFFVOL"   text="Volume do turbo"/>
		<text name="vca_tip_SINGLEREV"    text="Com marcha à ré única, a transmissão usa uma única marcha à ré ou caixa reversa em vez do controle de vaivém"/>
		<text name="vca_tip_AUTOCLUTCH"   text="Embreagem automática"/>
		<text name="vca_tip_TURBOCLUTCH"  text="Embreagem turbo adicional"/>
		<text name="vca_tip_GEARRATIOF"   text="Limite min. velocidade da marcha"/>
		<text name="vca_tip_GEARRATIOT"   text="Limite máx. velocidade da marcha"/>
		<text name="vca_tip_G27MODE"      text="Modo de mudança G27/G29"/>
		<text name="vca_tip_HIREDWORKER"  text="Controla se o contratado opera o veículo com transmissão original ou modificada"/>
		<text name="vca_tip_OWNMINSPEED"  text="Velocidade de deslocamento da 1ª marcha da caixa mais alta"/>
		<text name="vca_tip_OWNMINRANGE"  text="Velocidade de deslocamento da 1ª marcha da 2ª caixa mais alta"/>
		<text name="vca_tip_OWNMAXRANGE"  text="Velocidade de deslocamento da marcha mais alta da 2ª caixa mais alta"/>
		<text name="vca_tip_OWNGEARS"     text="Número de marchas"/>
		<text name="vca_tip_OWNRANGES"    text="Número de caixas"/>
		<text name="vca_tip_OWNGEARTIME"  text="Aviso de mudança de marcha"/>
		<text name="vca_tip_OWNRANGETIME" text="Aviso de mudança de caixa"/>
		<text name="vca_tip_OWNAUTOGEARS" text="Mudança automática de marcha com base na velocidade"/>
		<text name="vca_tip_OWNAUTORANGE" text="Mudança automática de caixa com base na velocidade"/>
		<text name="vca_tip_OWNREVGEARS"  text="Inverter marchas; tudo se vazio"/>
		<text name="vca_tip_OWNREVRANGE"  text="Inverter caixas; tudo se vazio"/>
		<text name="vca_tip_OWNREVRATIO"  text="Relação reversa"/>
		<text name="vca_tip_OWNSPLITG27"  text="O câmbio G27 divide as marchas. Se você tiver 12 marchas, o divisor alternará entre marchas pares e ímpares."/>
		
		<text name="vca_tip_AntiSlip"     text="O controle de tração freia as rodas individualmente em caso de derrapagen"/>
		<text name="vca_tip_DiffManual"   text="Controle manual de tração nas quatro rodas e diferenciais dianteiro e traseiro"/>
		<text name="vca_tip_DiffFrontAdv" text="Velocidade de avanço do eixo dianteiro se todas as rodas estiverem engatadas"/>
		<text name="vca_tip_DiffLockSwap" text="Alternar entre o eixo dianteiro e traseiro"/>
		<text name="vca_tip_HudX"         text="Posição horizontal do HUD"/>
		<text name="vca_tip_HudY"         text="Posição vertical do HUD"/>
		<text name="vca_tip_HIREDWORKER2" text="Controla se o contratado opera o veículo com tração original ou modificada"/>
	
		<text name="vca_tip_SPEEDLIMITF"  text="Velocidade do veículo"/>
		<text name="vca_tip_SPEEDLIMITB"  text="Velocidade máx do veículo em marcha ré"/>
		<text name="vca_tip_RATEDPOWER"   text="Potência do veículo na classificação RPM"/>
		<text name="vca_tip_TORQUECURVE"  text="Curva de torque mais realista do veículo"/>
		<text name="vca_tip_ROTACCTIME"   text="Tempo em ms que o motor precisa para aumentar de RPM min para max"/>
		<text name="vca_tip_GEARRGMODE"   text="Esta configuração troca as entradas para cima / para baixo das marchas e caixas"/>
	
		<text name="input_vcaSETTINGS"  text="VCA: configurações"/>
		<text name="input_vcaUP"        text="VCA: alternar direção de visão / trava para a frente"/>
		<text name="input_vcaDOWN"      text="VCA: espreitar na outra direção / olhar para trás"/>
		<text name="input_vcaLEFT"      text="VCA: olhe para a esquerda"/>
		<text name="input_vcaRIGHT"     text="VCA: olhe para a direita"/>
		<text name="input_vcaDIRECTION" text="VCA: alternar sentido de condução"/>
		<text name="input_vcaFORWARD"   text="VCA: dirigir para frente"/>
		<text name="input_vcaREVERSE"   text="VCA: dirigir para trás"/>
		<text name="input_vcaSNAP"      text="VCA: linhas-guia"/>
		<text name="input_vcaSNAPRESET" text="VCA: redefinição das linhas-guia "/>
		<text name="input_vcaSnapUP"    text="VCA: girar linhas-guia à esquerda"/>
		<text name="input_vcaSnapDOWN"  text="VCA: girar linhas-guia à direita"/>
		<text name="input_vcaSnapLEFT"  text="VCA: mover linhas-guia à esquerda"/>
		<text name="input_vcaSnapRIGHT" text="VCA: mover linhas-guia à direita"/>
		<text name="input_vcaNO_ARB"    text="VCA: sem rotação automática de volta"/>
		<text name="input_vcaINCHING"   text="VCA: mover-se lentamente"/>
		<text name="input_vcaKEEPROT"   text="VCA: manter direção global da câmera"/>
		<text name="input_vcaKEEPROT2"  text="VCA: manter direção da câmera permanente"/>
		<text name="input_vcaKEEPSPEED" text="VCA: manter velocidade"/>
		<text name="input_vcaKEEPSPEED2" text="VCA: manter velocidade permanente"/>
		<text name="input_vcaSWAPSPEED" text="VCA: velocidade de troca"/>
		<text name="input_vcaGearUp"    text="VCA: aumentar marcha"/>
		<text name="input_vcaGearDown"  text="VCA: reduzir marcha"/>
		<text name="input_vcaRangeUp"   text="VCA: aumentar caixa"/>
		<text name="input_vcaRangeDown" text="VCA: reduzir caixa"/>
		<text name="input_vcaNeutral"   text="VCA: neutro ligado/desligado"/>
		<text name="input_vcaNeutral0"  text="VCA: neutro desligado"/>
		<text name="input_vcaNeutral1"  text="VCA: neutro ligado"/>
		<text name="input_vcaClutch"    text="VCA: eixo da embreagem"/> 
		<text name="input_vcaShifter1"  text="VCA: G27/G29 1ª Marcha"/>
		<text name="input_vcaShifter2"  text="VCA: G27/G29 2ª Marcha"/>
		<text name="input_vcaShifter3"  text="VCA: G27/G29 3ª Marcha"/>
		<text name="input_vcaShifter4"  text="VCA: G27/G29 4ª Marcha"/>
		<text name="input_vcaShifter5"  text="VCA: G27/G29 5ª Marcha / aumentar caixa"/>
		<text name="input_vcaShifter6"  text="VCA: G27/G29 6ª Marcha / reduzir caixa"/>
		<text name="input_vcaShifter7"  text="VCA: G27/G29 7ª Marcha / marcha ré"/>
		<text name="input_vcaShifter8"  text="VCA: G27/G29 8ª Marcha"/>
		<text name="input_vcaShifter9"  text="VCA: G27/G29 9ª Marcha / marcha ré"/>
		<text name="input_vcaShifterLH" text="VCA: G27/G29 divisor de marchas"/>
		<text name="input_vcaHandRpm"   text="VCA: acelerador de mão RPM"/>
		<text name="input_vcaHandRpm_1" text="VCA: Aumentar aceleração"/>
		<text name="input_vcaHandRpm_2" text="VCA: Diminuir aceleração"/>
		<text name="input_vcaHandMode"  text="VCA: modo de aceleração manual"/>
		<text name="input_vcaManRatio"  text="VCA: Vario manual"/>
		<text name="input_vcaManRatio_1" text="VCA: Vario mais rápido "/>
		<text name="input_vcaManRatio_2" text="VCA: Vario mais lento"/>
		<text name="input_vcaAutoShift" text="VCA: mudança automática lig/des"/>
		<text name="input_vcaDiffLockF" text="VCA: diferencial dianteiro (des)bloqueio"/>
		<text name="input_vcaDiffLockM" text="VCA: tração nas 4 rodas tudo/frente"/>
		<text name="input_vcaDiffLockB" text="VCA: diferencial Traseiro (des)bloqueio"/>
		<text name="input_vcaLowerF"    text="VCA: abaixar/levantar ferramentas dianteiras "/>
		<text name="input_vcaLowerB"    text="VCA: abaixar/levantar ferramentas traseiras "/>
		<text name="input_vcaActivateF" text="VCA: ferramentas dianteiras (des)ativar "/>
		<text name="input_vcaActivateB" text="VCA: ferramentas traseiras (des)ativar "/>
		
		<text name="vcaValueOn"         text="ligado"/>
		<text name="vcaValueOff"        text="desligado"/>
		<text name="vcaValueNever"      text="nunca"/>
		<text name="vcaValueAlways"     text="sempre"/>
		<text name="vcaValueAlwaysH"    text="sempre(alto)"/>
		<text name="vcaValueNormal"     text="normal"/>
		<text name="vcaValueLight"      text="leve"/>
		<text name="vcaValueStrong"     text="forte"/>
		<text name="vcaValueEntered"    text="se dentro"/>
		<text name="vcaValueInactive"   text="se inativo"/>
		<text name="vcaValueInactiveH"  text="se inativo(alto)"/>
		<text name="vcaValueRPM"        text="RPM"/>

		<text name="vcaClutchMode_0"    text="automático"/>
		<text name="vcaClutchMode_1"    text="automático (rápido)"/>
		<text name="vcaClutchMode_2"    text="manual"/>
		<text name="vcaClutchMode_3"    text="turbo(rápido)"/>
		<text name="vcaClutchMode_4"    text="turbo(lento)"/>
		<text name="vcaClutchMode_5"    text="turbo(aberto)"/>
		<text name="vcaClutchMode_6"    text="turbo(manual)"/>

		<text name="vcaTorqueCurve_0"   text="padrão"/>
		<text name="vcaTorqueCurve_1"   text="moderno(40% de aumnto)"/>
		<text name="vcaTorqueCurve_2"   text="moderno(50% de aumento)"/>
		<text name="vcaTorqueCurve_3"   text="motor de caminhão(60% de aumento)"/>
		<text name="vcaTorqueCurve_4"   text="clássico(20% de aumento)"/>
		<text name="vcaTorqueCurve_5"   text="clássico(30% aumento)"/>
		
		<text name="vcaButtonSnapWidth"  text="Detectar a largura"/>
		<text name="vcaButtonSnapOffset" text="Compensação de troca"/>
		<text name="vcaButtonLoadPreset" text="Carregar transmissão"/>
		<text name="vcaButtonSavePreset" text="Salvar transmissão"/>
		<text name="vcaButtonDelPreset"  text="Excluir transmissão"/>
	</texts>

	<longTexts>
		<longText name="vca_Help_1"><![CDATA[Direção e Câmera

Este roteiro varia a velocidade de direção dependendo da velocidade que você está dirigindo, e gira a câmera para corresponder ao ângulo e direção da direção.
Com Shift-direita e as teclas do cursor você pode olhar na direção correspondente.
Se você pressionar Ctrl à esquerda junto com W, então a direção automática encaixa em direções fixas.
Se você pressionar Alt à esquerda junto com W, então a direção automática sera desabilitada.
Todas as funções podem ser desligadas.]]></longText>
		<longText name="vca_Help_2"><![CDATA[Controle de aceleração e sentido de direção

Shift-Left limita o acelerador o controle de cruzeiro e as RPM máximas a 75%.
Se você pressionar Delete o veículo manterá a velocidade constante. Pressionar o pedal do acelerador ou freio aumentará ou diminuirá a velocidade. O veículo anda como um trator moderno com joystick.
A modificação linear torna mais fácil ouvir o RPM.]]></longText>
		<longText name="vca_Help_3"><![CDATA[Transmissão

desligado: o redutor padrão sem personalização
IVT: Ainda o redutor padrão, mas com poucos ajustes na faixa de RPM permitida. Mais por vir...
4X4: Uma transmissoin antiquada com 4 marchas em 4 grupos e controle de vaivém. A troca de marchas leva tempo e você pode perder o impulso.
4PS: A mesma transmissoina como acima, mas com a mudança de força para as marchas
2X6: Dois grupos com 6 marchas. Esta transmissão é útil para as mudanças de marchas G27/G29. Há uma caixa baixa e uma caixa alta. As 6 marchas em cada caixa não se sobrepõem com as 6 marchas da outra caixa.
FPS: Full Power Shift: A transmissão tem 12 marchas e turnos sem interupção. 
6PS: Um John Deer AutoQuad. Esta transmissão tem 6 marchas. Cada marcha pode ser reduzida em cerca de 80%.
PKW: Uma transmissão de 6 velocidades para carros com caixa baixa 
VARIO: Uma transmissão Fendt Vario. É muito semelhante à IVT, mas tem uma caixa baixa e uma caixa alta
46A: Uma transmissão HexaShift classe. Ela possui 4 caixas manuais e 6 marchas automáticas de potência
OWN: Construa sua própria transmissão]]></longText>
		<longText name="vca_Help_4"><![CDATA[Configurações globais

As mudanças nas configurações globais não têm efeito sobre o veículo atual. Elas são salvas no arquivo modsSettings/FS19_VehicleControlAddon/config.xml.]]></longText>
		<longText name="vca_Help_5"><![CDATA[Construa sua própria transmissão

Aqui você pode configurar sua própria transmissão. As marchas podem ser trocadas automaticamente. 
A velocidade máxima na marcha mais alta pode ser apenas teórica. Você só pode alcançá-la sem limitador de velocidade. As relações entre marchas são calculadas a partir da velocidade máxima da 1ª marcha. 
As duas velocidades máximas da 2ª maior caixa são redundantes. Se você inserir um valor, o outro é alterado de acordo.]]></longText>
		<longText name="vca_Help_6"><![CDATA[Diferenciais e tração nas quatro rodas

Se a Se o VCA puder identificar os diferenciais, você terá a possibilidade de operá-los manualmente.
Você pode substituir os limites de velocidade para a direção para frente e para trás.
Se a curva de potência e torque não forem precisas o suficiente, você pode sobrescrevê-los aqui.
- padrão usa a curva de torque do veículo
- moderno com aumento de torque de 40% e pico de mais 7% do que a potência nominal
- moderno com aumento de torque de 50% e pico de mais 8% do que a potência nominal
- motor do caminhão, aumento de torque de 55% e potência de pico do torque máximo para RPM nominal
- clássico, aumento de torque de apenas 20%, potência de pico e RPM nominal
- clássico, mas aumento de torque de 30%, potência de pico 2% acima da potência nominal]]></longText>		
	</longTexts>
</l10n>
