﻿<?xml version="1.0" encoding="utf-8" standalone="no" ?>
<l10n>
	<!-- Note that 'description' is only here for easier translations. It needs to be manually copied to ModDesc.XML later. -->
	<description><![CDATA[Fügt allen Fahrzeugen eine adaptive Lenkung hinzu]]></description>

	<texts>
		<text name="vcaCAMERAI"         text="Innere Kamerabewegung"/>
		<text name="vcaCAMERAO"         text="Äußere Kamerabewegung"/>
		<text name="vcaEXPONENT"        text="Geschwindigkeitsabhängigkeit"/>
		<text name="vcaSTEERING"        text="Adaptive Lenkung"/>
		<text name="vcaSHUTTLE"         text="Shuttle Control"/>
		<text name="vcaREVERSE"         text="Zurückblicken"/>
		<text name="vcaREVERSEI"        text="Zurückblicken (innen)"/>
		<text name="vcaREVERSEO"        text="Zurückblicken (außen)"/>
		<text name="vcaLIMIT"           text="Gasbegrenzer"/>
		<text name="vcaPEEKLR"          text="Nur ein kurzer Blick"/>
		<text name="vcaANGLE"           text="Rastersteuerung"/>
		<text name="vcaBRAKE"           text="Niedrige Bremskraft"/>
		<text name="vcaAUTOSHIFTG"      text="Automatische Gänge"/>
		<text name="vcaAUTOSHIFTR"      text="Automatische Gruppen"/>
		<text name="vcaLAUNCH"          text="Geschwindigkeit Startgang"/>
		<text name="vcaKEEPSPEED"       text="Geschwindigkeit permanent halten"/>
		<text name="vcaNO_ARB"          text="Freies Lenken"/>
		<text name="vcaSETTINGS"        text="Einstellungen"/>
		<text name="vcaDRAWHUD"         text="VCA HUD"/>
		
		<text name="vcaDISTANCE"        text="Arbeitsbreite"/>
		<text name="vcaOFFSET1"         text="Versatz des Geräts"/>
		<text name="vcaOFFSET2"         text="Inverser Versatz"/>
		<text name="vcaSNAP90"          text="Rasterbahn alle 90°"/>
		<text name="vcaDRAWMARKER"      text="Anzeige der Rasterbahn"/>

		<text name="vcaAntiSlip"        text="Traktionskontrolle"/>
		<text name="vcaDiffManual"      text="Manueller Allradantrieb und Differentialsperren"/>
		<text name="vcaDiffFrontAdv"    text="Voreilung der Vorderachse"/>
		<text name="vcaDiffLockSwap"    text="Tausch der Differentiale"/>
		<text name="vcaHudX"            text="Hud position x"/>
		<text name="vcaHudY"            text="Hud position y"/>
		<text name="vcaHIREDWORKER2"    text="Differentiale und Helfer"/>

		<text name="vcaSPEEDLIMITF"     text="Höchstgeschwindigkeit"/>
		<text name="vcaSPEEDLIMITB"     text="Geschwindigkeit beim Rückwärtsfahren"/>
		<text name="vcaRATEDPOWER"      text="Nennleistung in PS"/>
		<text name="vcaTORQUECURVE"     text="Drehmomentkurve"/>
		<text name="vcaROTACCTIME"      text="Beschleunigungszeit"/>
		<text name="vcaGEARRGMODE"      text="Tasten für Gänge und Gruppen tauschen"/>
		<text name="vcaSTSPEEDO"        text="Lenkgeschwindigkeit"/>
		<text name="vcaSTSPEEDI"        text="Inverse Lenkgeschwindigkeit"/>
		
		<text name="vca_tip_CAMERAI"      text="Die innere Kamera dreht sich passend zum Lenkeinschlag automatisch mit."/>
		<text name="vca_tip_CAMERAO"      text="Die äußere Kamera dreht sich passend zum Lenkeinschlag automatisch mit."/>
		<text name="vca_tip_EXPONENT"     text="Geschwindigkeitsabhängigkeit der adaptiven Lenkung"/>
		<text name="vca_tip_STEERING"     text="Die adaptive Lenkung verändert je nach Geschwindigkeit die Rückstellgeschwindigkeit und den maximalen Lenkwinkel"/>
		<text name="vca_tip_SHUTTLE"      text="Fahrtrichtung mit &lt;Leertaste&gt; wechseln"/>
		<text name="vca_tip_REVERSEI"     text="Beim Wechsel zwischen Vorwärts- und Rückwärtsfahrt wird automatisch die innere Kamera um 180° gedreht"/>
		<text name="vca_tip_REVERSEO"     text="Beim Wechsel zwischen Vorwärts- und Rückwärtsfahrt wird automatisch die äußere Kamera um 180° gedreht"/>
		<text name="vca_tip_LIMIT"        text="Gasbegrenzer mit linker Umschalttaste"/>
		<text name="vca_tip_PEEKLR"       text="Mit Umschalt-Rechts und Pfeiltasten nur einen kurzen Blick nach hinten/rechts/links werfen"/>
		<text name="vca_tip_ANGLE"        text="Automatisch in Richtung des Einrastwinkels lenken"/>
		<text name="vca_tip_BRAKE"        text="Niedrige Bremskraft in Prozent / Rollwiderstand"/>
		<text name="vca_tip_TRANSMISSION" text="Typ des Getriebes; IVT ist ein stufenloses Getriebe, die anderen Getriebe haben 12 verschiedene Gänge, 2x6 eignet sich am besten für LKWs"/>
		<text name="vca_tip_MAXSPEED"     text="Maximale Geschwindigkeit, die im höchsten Gang (theoretisch) erreicht werdern kann"/>
		<text name="vca_tip_LIMSPEED"     text="Begrenzung der Höchtstgeschwindigkeit auf den Standardwert des Fahrzeugs"/>
		<text name="vca_tip_AUTOSHIFTG"   text="Automatische Schaltung von Gängen"/>
		<text name="vca_tip_AUTOSHIFTR"   text="Automatische Schaltung von Gruppen"/>
		<text name="vca_tip_LAUNCH"       text="Geschwindigkeit des Ganges, der zum Anfahren benutzt wird"/>
		<text name="vca_tip_KEEPSPEED"    text="Falls ständiges Halten der Geschwindigkeit aktiviert ist, dann fährt das Fahrzeug quasi immer mit Tempomat. Das entspricht dem Fahrhebel in modernen Traktoren."/>
		<text name="vca_tip_NO_ARB"       text="Falls freies Lenken aktiviert ist, dann lenkt das Fahrzeug nicht selbständig zurück auf Geradeaus"/>
		<text name="vca_tip_HANDTHROTTLE" text="Der Motor beschleunigt automatisch bis zur gewählten Drehzahl"/>
		<text name="vca_tip_PITCH"        text="Tonhöhe bei Maximaldrehzahl"/>
		<text name="vca_tip_PITCH_IO"       text="Tonhöhe innen / aussen"/>
		<text name="vca_tip_DRAWHUD"      text="HUD für Getriebe ein-/ausblenden"/>
		
		<text name="vca_tip_DISTANCE"     text="Abstand zwischen zwei Rasterbahnen"/>
		<text name="vca_tip_OFFSET1"      text="Seitlicher Versatz der Rasterbahnen"/>
		<text name="vca_tip_OFFSET2"      text="Inverser Versatz der Rasterbahnen"/>
		<text name="vca_tip_SNAP90"       text="Automatisches Drehen des Rasterbahn um 90°"/>
		<text name="vca_tip_DRAWMARKER"   text="Anzeige der aktuellen Rasterbahn"/>
		
		<text name="vca_tip_AntiSlip"     text="Traktionskontrolle bremst einzelne Räder, wenn sie durchdrehen"/>
		<text name="vca_tip_DiffManual"   text="Manuelle Steuerung des Allradantriebs und der vorderen und hinteren Differentialsperre"/>
		<text name="vca_tip_DiffFrontAdv" text="Voreilung der Vorderachse bei eingeschaltetem Allradantrieb"/>
		<text name="vca_tip_DiffLockSwap" text="Tausch der vorderen und hinteren Differentialsperre"/>
		<text name="vca_tip_HudX"         text="Hud Position X"/>
		<text name="vca_tip_HudY"         text="Hud Position Y"/>
		<text name="vca_tip_HIREDWORKER2" text="Steuert, ob die Differentiale modifiziert werden, wenn das Fahrzeug vom Helfer kontrolliert wird"/>

		<text name="vca_tip_GEARRGMODE"   text="Diese Einstellunge vertauscht die hoch/runter Tasten für Gänge und Gruppen"/>
		<text name="vca_tip_STSPEEDO"     text="Geschwindigkeit der Lenkung"/>
		<text name="vca_tip_STSPEEDI"     text="Geschwindigkeit der Lenkung beim Zurücklenken"/>
		
		<text name="input_vcaSETTINGS"  text="VCA: Einstellungen"/>
		<text name="input_vcaUP"        text="VCA: Blickrichtung wechseln oder nach vorne schauen"/>
		<text name="input_vcaDOWN"      text="VCA: In die andere Richtung blicken / nach hinten schauen"/>
		<text name="input_vcaLEFT"      text="VCA: Nach links schauen"/>
		<text name="input_vcaRIGHT"     text="VCA: Nach rechts schauen"/>
		<text name="input_vcaDIRECTION" text="VCA: Fahrtrichtung wechseln"/>
		<text name="input_vcaFORWARD"   text="VCA: Fahrtrichtung vorwärts"/>
		<text name="input_vcaREVERSE"   text="VCA: Fahrtrichtung rückwärts"/>
		<text name="input_vcaSNAP"      text="VCA: Fahrtrichtung am Raster ausrichten"/>
		<text name="input_vcaSNAPRESET" text="VCA: Fahrtrichtung nicht am Raster ausrichten"/>
		<text name="input_vcaSNAPDIST"  text="VCA: Arbeitsbreite für Fahrtrichtung ermitteln"/>
		<text name="input_vcaSnapUP"    text="VCA: Raster nach links drehen"/>
		<text name="input_vcaSnapDOWN"  text="VCA: Raster nach rechts drehen"/>
		<text name="input_vcaSnapLEFT"  text="VCA: Raster links"/>
		<text name="input_vcaSnapRIGHT" text="VCA: Raster rechts"/>
		<text name="input_vcaNO_ARB"    text="VCA: Kein zurück Lenken"/>
		<text name="input_vcaINCHING"   text="VCA: Langsamer"/>
		<text name="input_vcaKEEPROT"   text="VCA: Kamerarichtung global fixieren"/>
		<text name="input_vcaKEEPROT2"  text="VCA: Kamerarichtung permanent fixieren"/>
		<text name="input_vcaKEEPSPEED" text="VCA: Geschwindigkeit halten"/>
		<text name="input_vcaKEEPSPEED2" text="VCA: Geschwindigkeit permanent halten"/>
		<text name="input_vcaSWAPSPEED" text="VCA: Tempomatgeschwindigkeit wechseln"/>
		<text name="input_vcaAutoGears" text="VCA: Automatische Schaltung Gänge an/aus"/>
		<text name="input_vcaAutoRange" text="VCA: Automatische Schaltung Gruppen an/aus"/>
		<text name="input_vcaDiffLockF" text="VCA: Differentialsperre vorne an/aus"/>
		<text name="input_vcaDiffLockM" text="VCA: Allrad an/aus"/>
		<text name="input_vcaDiffLockB" text="VCA: Differentialsperre hinten an/aus"/>
		<text name="input_vcaLowerF"    text="VCA: vordere Geräte heben/senken"/>
		<text name="input_vcaLowerB"    text="VCA: hintere Geräte heben/senken"/>
		<text name="input_vcaActivateF" text="VCA: vordere Geräte (de-)aktivieren"/>
		<text name="input_vcaActivateB" text="VCA: hintere Geräte (de-)aktivieren"/>
		<text name="input_vcaMenuAction1" text="VCA: Menu Button S"/>
		<text name="input_vcaMenuAction2" text="VCA: Menu Button L"/>
		<text name="input_vcaMenuAction3" text="VCA: Menu Button D"/>
		<text name="input_vcaMenuAction4" text="VCA: Menu Button X"/>
		
		<text name="vcaValueOn"         text="an"/>
		<text name="vcaValueOff"        text="aus"/>
		<text name="vcaValueNever"      text="never"/>
		<text name="vcaValueAlways"     text="immer"/>
		<text name="vcaValueAlwaysH"    text="immer (hoch)"/>
		<text name="vcaValueNormal"     text="normal"/>
		<text name="vcaValueLight"      text="leicht"/>
		<text name="vcaValueStrong"     text="stark"/>
		<text name="vcaValueEntered"    text="falls eingestiegen"/>
		<text name="vcaValueInactive"   text="falls inaktiv"/>
		<text name="vcaValueInactiveH"  text="falls inaktiv (hoch)"/>
		<text name="vcaValueRPM"        text="U/min"/>
		
		<text name="vcaClutchMode_0"    text="automatisch"/>
		<text name="vcaClutchMode_1"    text="auto (schnell)"/>
		<text name="vcaClutchMode_2"    text="manuell"/>
		<text name="vcaClutchMode_3"    text="Turbo (schnell)"/>
		<text name="vcaClutchMode_4"    text="Turbo (langsam)"/>
		<text name="vcaClutchMode_5"    text="Turbo (offen)"/>
		<text name="vcaClutchMode_6"    text="Turbo (manuell)"/>

		<text name="vcaTorqueCurve_0"   text="Default"/>
		<text name="vcaTorqueCurve_1"   text="modern (40% Anstieg)"/>
		<text name="vcaTorqueCurve_2"   text="modern (50% Anstieg)"/>
		<text name="vcaTorqueCurve_3"   text="LKW Motor (60% Anstieg)"/>
		<text name="vcaTorqueCurve_4"   text="klassisch (20% Anstieg)"/>
		<text name="vcaTorqueCurve_5"   text="klassisch (30% Anstieg)"/>
		
		<text name="vcaPowerShift"      text="Lastschaltung"/>
		
		<text name="vcaButtonSnapWidth" text="Breite ermitteln"/>
		<text name="vcaButtonSnapOffset" text="Offset tauschen"/>		
		
		<text name="vcaTitleCam"        text="Kamera"/>
		<text name="vcaTitleSteering"   text="Lenkung"/>
		<text name="vcaTitleGPS"        text="Spurführung"/>
		<text name="vcaTitleThrottle"   text="Gaspedal, Bremse, Getriebe"/>
		<text name="vcaTitleDiff"       text="Allrad und Differentialsperren"/>
	</texts>   

	<longTexts>
		<longText name="vca_Help_1"><![CDATA[Lenkung und Kamera

Dieses Script variiert abhängig von der gefahrenen Geschwindigkeit die Lenkgeschwindigkeit und dreht die Kamera passend zum Lenkeinschlag und zur Fahrtrichtung. 
Mit Umschalt-Rechts und den Pfeiltasten kann man in die entsprechende Richtung blicken.
Drückt man Strg Links zusammen mit W, dann richtet sich die Fahrtrichtung an festen Richtungen aus.
Alle Funktionen lassen sich auch wieder ausschalten.]]></longText>
		<longText name="vca_Help_2"><![CDATA[Gaspedal und Rastersteuerung

Mit Umschalt-Llinks wird das Gaspedal, der Tempomat und die maximale Drehzahl auf 75% begrenzt.
Drückt man die Taste entf, dann hält das Fahrzeug die aktuelle Geschwindigkeit. Wie bei modernen Traktoren auch, kann man diese Funktion auch permanent einschalten und per entf dann zeitweise ausschalten.
Durch die Änderungen an der Tonhöhe kann man die aktuelle Drehzahl besser hören.]]></longText>
		<longText name="vca_Help_3"><![CDATA[Getriebe

off: Das Standardgetriebe 
IVT: Das Standardgetriebe  mit kleinen Anpassungen der Drehzahl
4X4: Ein altmodisches Getriebe mit 4 Gängen in 4 Bereichen und Wendeschaltung. Das Schalten der Gänge benötigt Zeit und man könnte Schwung verlieren.
4PS: Das gleiche Getriebe wie das 4X4, aber mit Lastschaltung für die Gänge
2X6: 2 Bereiche mit jeweils 6 Gängen. Dieses Getriebe ist nützlich für G27/G29 Shifter. Die 6 Gänge im Bereich L überlappen nicht mit den 6 Gängen im Bereich H.
FPS: Full Power Shift: Dieses Getriebe hat 12 Gänge und schaltet ohne Zugkraftunterbrechung.
6PS: John Deer AutoQuad: 6 manuell zu schaltende Bereiche mit jeweils 4 automatischen Lastschaltstufen
PKW: 6 Gänge abgestuft für PKW mit Untersetzung fürs Gelände
VARIO: Fendt Vario: Stufenloses Getriebe mit 2 Bereichen "low" und "high"
46A: Claas HexaShift: 4 manuell zu schaltende Bereiche mit jeweils 6 automatischen Lastschaltstufen
OWN: Bau Dir Dein eigenes Getriebe]]></longText>
		<longText name="vca_Help_4"><![CDATA[Globale Einstellungen

Änderungen an den globale Einstellungen haben keinen Einfluss auf das aktuelle Fahrzeug.
Sie werden in der Datei modsSettings/FS19_VehicleControlAddon/config.xml gespeichert]]></longText>
		<longText name="vca_Help_5"><![CDATA[Bau Dir Dein eigenes Getriebe

Hier kann man sich sein eigenes Getriebe konfigurieren. Gänge können automatisch geschaltet werden. Daher sind Lastschaltstufen am besten immer Gänge. 
Die Übersetzung des höchsten Gangs ist die theoretische Endgeschwindigkeit bei ausgeschaltetem Begrenzer. Die Höchstgeschwindigkeit im 1. Gang der höchsten Gruppe bestimmt
das Verhältnis der Gänge untereinander. 
Die Höchstgeschwindigkeiten in der vorletzten Gruppe sind redundant. Man muss nur einen von beiden Werten eingeben. Der andere wird automatisch angepasst.]]></longText>
		<longText name="vca_Help_6"><![CDATA[Differentiale, Allradantrieb, Leistung
		
Wenn VCA die Differentiale zuordnen kann, dann ist es hier möglich, die Differentialsperren und den Allradantrieb selber zu ein- und auszuschalten.
Man kann die Höchstgeschwindigkeiten vorwärts und rückwärts anpassen.
Sollte das Fahrzeug nicht die korrekte Nennleistung haben, dann kann diese hier überschreiben. Dazu gibt es 4 verschiedene Drehmomentkurven
- default nutzt die Drehmomentkurve des Fahrzeugs
- modern mit 40% Drehmomentanstieg und 7% höherer Maximalleistung
- modern mit 50% Drehmomentanstieg und 8% höherer Maximalleistung
- LKW Motor mit 55% Drehmomentanstieg und Nennleistung vom Maximaldrehmoment bis Nenndrehzahl
- klassisch mit nur 20% Drehmomentanstieg und Maximalleistung erst bei Nenndrehzahl
- klassisch aber mit 30% Drehmomentanstieg und 2% höherer Maximalleistung]]></longText>
	</longTexts>
</l10n>
