﻿<?xml version="1.0" encoding="utf-8" standalone="no" ?>
<modDesc descVersion="61">
	<author>mogli</author>
	<title>
		<en>Vehicle Control Addon</en>
	</title>
	<description>
		<en><![CDATA[Vehicle Control Addon (VCA) combines several functions in one modification. Most functions are turned off per default. VCA can rotate the camera to match the steering angle and direction. This way you always look into the direction your are driving to. With Shift-right and the cursor keys you can peek in the corresponding direction. Shift-right limits throttle, cruise control and maximum rounds per minute to 75%.
Vehicle Control Addon includes a simple lane guidance. If you press Ctrl left together with W then the driving direction snaps to fixed directions.
All functions are switchable with the following default key combinations:
[Ctrl Left + C]: Settings
[Ctrl Left + W]: Snap Angle (continue)
[Alt Left + W]: Snap Angle (restart)
[Shift Right]: Throttle limiter / reduced cruise control speed
[Shift Right + Cursor]: look forward, backwards, left right]]></en>
		<de><![CDATA[Vehicle Control Addon (VCA) kombiniert viele Funktionen in einer Modifikation. Die meisten Funktionen sind standardmäßig ausgeschaltet. VCA kann die Kamerarichtung automatische dem Lenkwinkel und der Fahrtrichtung anpassen. So schaut man immer in die Richtung in die man fährt. Mit den Standardtastenkombinationen RShift und den Pfeiltasten kann man kurz in die entsprechende Richtung blicken. Die adaptive Lenkung ist gedacht für Tastaturspieler. VCA kann die Lenkgeschwindigkeit der Geschwindigkeit des Fahrzeugs anpassen.
Vehicle Control Addon beinhaltet auch eine einfache Spurführung. Drückt man Strg Links zusammen mit W, dann richtet sich die Fahrtrichtung an festen Richtungen aus.
Alle Funktionen lassen sich auch wieder ausschalten, und zwar mit folgenden Tasten:
[Strg Links + C]: Einstellungen
[Strg Links + W]: Rastersteuerung fortsetzen
[Alt Links + W]: Rastersteuerung neu starten
[Umschalt Rechts]: Gaspedalbegrenzer / verringerter Tempomatgeschwindigkeit
[Umschalt Rechts + Pfeiltaste]: Nach vorne, hinten, links, rechts blicken]]></de>
	</description>
	<multiplayer supported="true"/>   
	<iconFilename>store.dds</iconFilename>
	<version>9.0.2.6</version>
	<l10n filenamePrefix="l10n/modDesc_l10n">
		<text name="vcaVERSION">          
			<en>Vehicle Control Addon 1.0 rc5</en>
		</text>
	</l10n>
	
	<actions>
		<action name="vcaSETTINGS"  category="VEHICLE" axisType="HALF"/>
		<action name="vcaGLOBALS"   category="ONFOOT"  axisType="HALF"/>
		<action name="vcaUP"        category="VEHICLE" axisType="HALF"/>
		<action name="vcaDOWN"      category="VEHICLE" axisType="HALF"/>
		<action name="vcaLEFT"      category="VEHICLE" axisType="HALF"/>
		<action name="vcaRIGHT"     category="VEHICLE" axisType="HALF"/>
		<action name="vcaSnapUP"    category="VEHICLE" axisType="HALF"/>
		<action name="vcaSnapDOWN"  category="VEHICLE" axisType="HALF"/>
		<action name="vcaSnapLEFT"  category="VEHICLE" axisType="HALF"/>
		<action name="vcaSnapRIGHT" category="VEHICLE" axisType="HALF"/>
		<action name="vcaSNAP"      category="VEHICLE" axisType="HALF"/>
		<action name="vcaSNAPLEFT"  category="VEHICLE" axisType="HALF"/>
		<action name="vcaSNAPRIGHT" category="VEHICLE" axisType="HALF"/>
		<action name="vcaSNAPPREV"  category="VEHICLE" axisType="HALF"/>
		<action name="vcaSNAPCONT"  category="VEHICLE" axisType="HALF"/>
		<action name="vcaSNAPNEXT"  category="VEHICLE" axisType="HALF"/>
		<action name="vcaSNAPRESET" category="VEHICLE" axisType="HALF"/>
		<action name="vcaSNAPDIST"  category="VEHICLE" axisType="HALF"/>
		<action name="vcaNO_ARB"    category="VEHICLE" axisType="HALF"/>
		<action name="vcaINCHING"   category="VEHICLE" axisType="HALF"/>
		<action name="vcaKEEPROT"   category="VEHICLE" axisType="HALF"/>
		<action name="vcaKEEPROT2"  category="VEHICLE" axisType="HALF"/>
		<action name="vcaKEEPSPEED" category="VEHICLE" axisType="HALF"/>
		<action name="vcaKEEPSPEED2" category="VEHICLE" axisType="HALF"/>
		<action name="vcaSWAPSPEED" category="VEHICLE" axisType="HALF"/>
		<action name="vcaAutoShift" category="VEHICLE" axisType="HALF"/>
		<action name="vcaDiffLockF" category="VEHICLE" axisType="HALF"/>
		<action name="vcaDiffLockM" category="VEHICLE" axisType="HALF"/>
		<action name="vcaDiffLockB" category="VEHICLE" axisType="HALF"/>
		<action name="vcaHandRpm"   category="VEHICLE" axisType="FULL"/>
		<action name="vcaLowerF"    category="VEHICLE" axisType="HALF"/>
		<action name="vcaLowerB"    category="VEHICLE" axisType="HALF"/>
		<action name="vcaActivateF" category="VEHICLE" axisType="HALF"/>
		<action name="vcaActivateB" category="VEHICLE" axisType="HALF"/>
	</actions>
	<inputBinding>
		<actionBinding action="vcaSETTINGS">	
			<binding device="KB_MOUSE_DEFAULT" input="KEY_lctrl KEY_c"/>
		</actionBinding>	
		<actionBinding action="vcaGLOBALS">	
			<binding device="KB_MOUSE_DEFAULT" input="KEY_lctrl KEY_lalt KEY_c"/>
		</actionBinding>	
		<actionBinding action="vcaUP">	
			<binding device="KB_MOUSE_DEFAULT" input="KEY_rshift KEY_up"/>
		</actionBinding>	
		<actionBinding action="vcaDOWN">	
			<binding device="KB_MOUSE_DEFAULT" input="KEY_rshift KEY_down"/>
		</actionBinding>	
		<actionBinding action="vcaLEFT">	
			<binding device="KB_MOUSE_DEFAULT" input="KEY_rshift KEY_left"/>
		</actionBinding>	
		<actionBinding action="vcaRIGHT">	
			<binding device="KB_MOUSE_DEFAULT" input="KEY_rshift KEY_right"/>
		</actionBinding>	
		<actionBinding action="vcaSnapUP">	
			<binding device="KB_MOUSE_DEFAULT" input="KEY_lctrl KEY_up"/>
		</actionBinding>	                                                
		<actionBinding action="vcaSnapDOWN">	                            
			<binding device="KB_MOUSE_DEFAULT" input="KEY_lctrl KEY_down"/>
		</actionBinding>	                                                
		<actionBinding action="vcaSnapLEFT">	                            
			<binding device="KB_MOUSE_DEFAULT" input="KEY_lctrl KEY_left"/>
		</actionBinding>	
		<actionBinding action="vcaSnapRIGHT">	
			<binding device="KB_MOUSE_DEFAULT" input="KEY_lctrl KEY_right"/>
		</actionBinding>	
		<actionBinding action="vcaSNAP">	
			<binding device="KB_MOUSE_DEFAULT" input="KEY_lctrl KEY_w"/>
		</actionBinding>	
		<actionBinding action="vcaSNAPLEFT">	
			<binding device="KB_MOUSE_DEFAULT" input="KEY_lalt KEY_a"/>
		</actionBinding>	
		<actionBinding action="vcaSNAPRIGHT">	
			<binding device="KB_MOUSE_DEFAULT" input="KEY_lalt KEY_d"/>
		</actionBinding>	
		<actionBinding action="vcaSNAPPREV">	
			<binding device="KB_MOUSE_DEFAULT" input="KEY_lctrl KEY_a"/>
		</actionBinding>	
		<actionBinding action="vcaSNAPCONT">	
			<binding device="KB_MOUSE_DEFAULT" input="KEY_lalt KEY_s"/>
		</actionBinding>	
		<actionBinding action="vcaSNAPNEXT">	
			<binding device="KB_MOUSE_DEFAULT" input="KEY_lctrl KEY_d"/>
		</actionBinding>	
		<actionBinding action="vcaSNAPRESET">	
			<binding device="KB_MOUSE_DEFAULT" input="KEY_lalt KEY_w"/>
		</actionBinding>	
		<actionBinding action="vcaSNAPDIST">	
			<binding device="KB_MOUSE_DEFAULT" input="KEY_lctrl KEY_lalt KEY_w"/>
		</actionBinding>	
		<actionBinding action="vcaINCHING">	
			<binding device="KB_MOUSE_DEFAULT" input="KEY_rshift"/>
		</actionBinding>	
		<actionBinding action="vcaKEEPROT">
			<binding device="KB_MOUSE_DEFAULT" input="KEY_insert"/>
		</actionBinding>	
		<actionBinding action="vcaKEEPROT2">
			<binding device="KB_MOUSE_DEFAULT" input="KEY_lctrl KEY_insert"/>
		</actionBinding>	
		<actionBinding action="vcaKEEPSPEED">
			<binding device="KB_MOUSE_DEFAULT" input="KEY_delete"/>
		</actionBinding>	
		<actionBinding action="vcaKEEPSPEED2">
			<binding device="KB_MOUSE_DEFAULT" input="KEY_lctrl KEY_delete"/>
		</actionBinding>	
		<actionBinding action="vcaSWAPSPEED">
			<binding device="KB_MOUSE_DEFAULT" input="KEY_4"/>
		</actionBinding>	
		<actionBinding action="vcaDiffLockF">
			<binding device="KB_MOUSE_DEFAULT" input="KEY_lctrl KEY_rightbracket"/>
		</actionBinding>	
		<actionBinding action="vcaDiffLockM">
			<binding device="KB_MOUSE_DEFAULT" input="KEY_lctrl KEY_quote"/>
		</actionBinding>	
		<actionBinding action="vcaDiffLockB">
			<binding device="KB_MOUSE_DEFAULT" input="KEY_lctrl KEY_backslash"/>
		</actionBinding>	
		<actionBinding action="vcaAutoShift">
			<binding device="KB_MOUSE_DEFAULT" input="KEY_lctrl KEY_leftbracket"/>
		</actionBinding>	
		<actionBinding action="vcaHandRpm">
			<binding device="KB_MOUSE_DEFAULT" input="KEY_equals" axisComponent="+"/>
			<binding device="KB_MOUSE_DEFAULT" input="KEY_minus"  axisComponent="-"/>
		</actionBinding>	
		<actionBinding action="vcaLowerF">
			<binding device="KB_MOUSE_DEFAULT" input="KEY_lalt KEY_v"/>
		</actionBinding>	
		<actionBinding action="vcaLowerB">
			<binding device="KB_MOUSE_DEFAULT" input="KEY_lctrl KEY_ralt KEY_v"/>
		</actionBinding>	
		<actionBinding action="vcaActivateF">
			<binding device="KB_MOUSE_DEFAULT" input="KEY_lalt KEY_b"/>
		</actionBinding>	
		<actionBinding action="vcaActivateB">
			<binding device="KB_MOUSE_DEFAULT" input="KEY_lctrl KEY_ralt KEY_b"/>
		</actionBinding>	
	</inputBinding>
	
	<extraSourceFiles>
		<sourceFile filename="vehicleControlAddonConfig.lua"/>
		<sourceFile filename="vehicleControlAddon.lua"/>
		<sourceFile filename="vehicleControlAddonEvent.lua"/>
		<sourceFile filename="gui/vehicleControlAddonMenu.lua"/>
		<sourceFile filename="gui/vehicleControlAddonConfig.lua"/>
		<sourceFile filename="vehicleControlAddonRegister.lua"/>
	</extraSourceFiles>    
</modDesc>
