﻿<?xml version="1.0" encoding="utf-8" standalone="no" ?>
<modDesc descVersion="61">
	<author>mogli</author>
	<title>
		<en>Vehicle Control Addon</en>
	</title>
	<description>
		<en><![CDATA[This script varies the steering speed depending on the speed you are driving, and it rotates the camera to match the steering angle and direction.
Shift-Left limits throttle, cruise control and maximum rounds per minute to 75%. With Shift-right and the cursor keys you can peek in the corresponding direction.
If you press Ctrl left together with W then the driving direction snaps to fixed directions.

All functions are switchable with the following default key combinations:
[Ctrl Left + C]: Settings
[Ctrl Left + W]: Snap Angle (continue)
[Alt Left + W]: Snap Angle (restart)
[Shift Left]: Throttle limiter / reduced cruise control speed
[Shift Right + Cursor]: look forward, backwards, left right]]></en>
		<de><![CDATA[Dieses Script variiert abhängig von der gefahrenen Geschwindigkeit die Lenkgeschwindigkeit und dreht die Kamera passend zum Lenkeinschlag und zur Fahrtrichtung. 
Mit Umschalt-Llinks wird das Gaspedal, der Tempomat und die maximale Drehzahl auf 75% begrenzt. Drückt man Strg Links zusammen mit W, dann richtet sich die Fahrtrichtung an festen Richtungen aus.

Alle Funktionen lassen sich auch wieder ausschalten, und zwar mit folgenden Tasten:
[Strg Links + C]: Einstellungen
[Strg Links + W]: Rastersteuerung fortsetzen
[Alt Links + W]: Rastersteuerung neu starten
[Umschalt Links]: Gaspedalbegrenzer / verringerter Tempomatgeschwindigkeit
[Umschalt Rechts + Pfeiltaste]: Nach vorne, hinten, links, rechts blicken]]></de>
	</description>
	<multiplayer supported="true"/>   
	<iconFilename>store.dds</iconFilename>
	<version>9.0.1.1</version>
	<l10n filenamePrefix="modDesc_l10n">
		<text name="vcaVERSION">          
			<en>Vehicle Control Addon dev.build 11</en>
		</text>
	</l10n>
	
	<actions>
		<action name="vcaSETTINGS"  category="VEHICLE" axisType="HALF"/>
		<action name="vcaGLOBALS"   category="VEHICLE" axisType="HALF"/>
		<action name="vcaUP"        category="VEHICLE" axisType="HALF"/>
		<action name="vcaDOWN"      category="VEHICLE" axisType="HALF"/>
		<action name="vcaLEFT"      category="VEHICLE" axisType="HALF"/>
		<action name="vcaRIGHT"     category="VEHICLE" axisType="HALF"/>
		<action name="vcaSnapUP"    category="VEHICLE" axisType="HALF"/>
		<action name="vcaSnapDOWN"  category="VEHICLE" axisType="HALF"/>
		<action name="vcaSnapLEFT"  category="VEHICLE" axisType="HALF"/>
		<action name="vcaSnapRIGHT" category="VEHICLE" axisType="HALF"/>
		<action name="vcaDIRECTION" category="VEHICLE" axisType="HALF"/>
		<action name="vcaFORWARD"   category="VEHICLE" axisType="HALF"/>
		<action name="vcaREVERSE"   category="VEHICLE" axisType="HALF"/>
		<action name="vcaSNAP"      category="VEHICLE" axisType="HALF"/>
		<action name="vcaSNAPRESET" category="VEHICLE" axisType="HALF"/>
		<action name="vcaSNAPDIST"  category="VEHICLE" axisType="HALF"/>
		<action name="vcaNO_ARB"    category="VEHICLE" axisType="HALF"/>
		<action name="vcaINCHING"   category="VEHICLE" axisType="HALF"/>
		<action name="vcaKEEPROT"   category="VEHICLE" axisType="HALF"/>
		<action name="vcaKEEPROT2"  category="VEHICLE" axisType="HALF"/>
		<action name="vcaKEEPSPEED" category="VEHICLE" axisType="HALF"/>
		<action name="vcaKEEPSPEED2" category="VEHICLE" axisType="HALF"/>
		<action name="vcaSWAPSPEED" category="VEHICLE" axisType="HALF"/>
		<action name="vcaAutoShift" category="VEHICLE" axisType="HALF"/>
		<action name="vcaDiffLockF" category="VEHICLE" axisType="HALF"/>
		<action name="vcaDiffLockM" category="VEHICLE" axisType="HALF"/>
		<action name="vcaDiffLockB" category="VEHICLE" axisType="HALF"/>
		<action name="vcaLowerF"    category="VEHICLE" axisType="HALF"/>
		<action name="vcaLowerB"    category="VEHICLE" axisType="HALF"/>
		<action name="vcaActivateF" category="VEHICLE" axisType="HALF"/>
		<action name="vcaActivateB" category="VEHICLE" axisType="HALF"/>
	</actions>
	<inputBinding>
		<actionBinding action="vcaSETTINGS">	
			<binding device="KB_MOUSE_DEFAULT" input="KEY_lctrl KEY_c"/>
		</actionBinding>	
		<actionBinding action="vcaGLOBALS">	
			<binding device="KB_MOUSE_DEFAULT" input="KEY_lctrl KEY_lalt KEY_c"/>
		</actionBinding>	
		<actionBinding action="vcaUP">	
			<binding device="KB_MOUSE_DEFAULT" input="KEY_rshift KEY_up"/>
		</actionBinding>	
		<actionBinding action="vcaDOWN">	
			<binding device="KB_MOUSE_DEFAULT" input="KEY_rshift KEY_down"/>
		</actionBinding>	
		<actionBinding action="vcaLEFT">	
			<binding device="KB_MOUSE_DEFAULT" input="KEY_rshift KEY_left"/>
		</actionBinding>	
		<actionBinding action="vcaRIGHT">	
			<binding device="KB_MOUSE_DEFAULT" input="KEY_rshift KEY_right"/>
		</actionBinding>	
		<actionBinding action="vcaSnapUP">	
			<binding device="KB_MOUSE_DEFAULT" input="KEY_lctrl KEY_up"/>
		</actionBinding>	                                                
		<actionBinding action="vcaSnapDOWN">	                            
			<binding device="KB_MOUSE_DEFAULT" input="KEY_lctrl KEY_down"/>
		</actionBinding>	                                                
		<actionBinding action="vcaSnapLEFT">	                            
			<binding device="KB_MOUSE_DEFAULT" input="KEY_lctrl KEY_left"/>
		</actionBinding>	
		<actionBinding action="vcaSnapRIGHT">	
			<binding device="KB_MOUSE_DEFAULT" input="KEY_lctrl KEY_right"/>
		</actionBinding>	
		<actionBinding action="vcaSNAP">	
			<binding device="KB_MOUSE_DEFAULT" input="KEY_lctrl KEY_w"/>
		</actionBinding>	
		<actionBinding action="vcaSNAPRESET">	
			<binding device="KB_MOUSE_DEFAULT" input="KEY_lalt KEY_w"/>
		</actionBinding>	
		<actionBinding action="vcaSNAPDIST">	
			<binding device="KB_MOUSE_DEFAULT" input="KEY_lctrl KEY_lalt KEY_w"/>
		</actionBinding>	
		<actionBinding action="vcaINCHING">	
			<binding device="KB_MOUSE_DEFAULT" input="KEY_lalt"/>
		</actionBinding>	
		<actionBinding action="vcaKEEPROT">
			<binding device="KB_MOUSE_DEFAULT" input="KEY_insert"/>
		</actionBinding>	
		<actionBinding action="vcaKEEPROT2">
			<binding device="KB_MOUSE_DEFAULT" input="KEY_lctrl KEY_insert"/>
		</actionBinding>	
		<actionBinding action="vcaKEEPSPEED">
			<binding device="KB_MOUSE_DEFAULT" input="KEY_delete"/>
		</actionBinding>	
		<actionBinding action="vcaKEEPSPEED2">
			<binding device="KB_MOUSE_DEFAULT" input="KEY_lctrl KEY_delete"/>
		</actionBinding>	
		<actionBinding action="vcaSWAPSPEED">
			<binding device="KB_MOUSE_DEFAULT" input="KEY_4"/>
		</actionBinding>	
		<actionBinding action="vcaDiffLockF">
			<binding device="KB_MOUSE_DEFAULT" input="KEY_lctrl KEY_rightbracket"/>
		</actionBinding>	
		<actionBinding action="vcaDiffLockM">
			<binding device="KB_MOUSE_DEFAULT" input="KEY_lctrl KEY_quote"/>
		</actionBinding>	
		<actionBinding action="vcaDiffLockB">
			<binding device="KB_MOUSE_DEFAULT" input="KEY_lctrl KEY_backslash"/>
		</actionBinding>	
		<actionBinding action="vcaAutoShift">
			<binding device="KB_MOUSE_DEFAULT" input="KEY_lctrl KEY_leftbracket"/>
		</actionBinding>	
		<actionBinding action="vcaLowerF">
			<binding device="KB_MOUSE_DEFAULT" input="KEY_lshift KEY_v"/>
		</actionBinding>	
		<actionBinding action="vcaLowerB">
			<binding device="KB_MOUSE_DEFAULT" input="KEY_rshift KEY_v"/>
		</actionBinding>	
		<actionBinding action="vcaActivateF">
			<binding device="KB_MOUSE_DEFAULT" input="KEY_lshift KEY_b"/>
		</actionBinding>	
		<actionBinding action="vcaActivateB">
			<binding device="KB_MOUSE_DEFAULT" input="KEY_rshift KEY_b"/>
		</actionBinding>	
	</inputBinding>
	
	<extraSourceFiles>
		<sourceFile filename="vehicleControlAddonConfig.lua"/>
		<sourceFile filename="vehicleControlAddon.lua"/>
		<sourceFile filename="vehicleControlAddonEvent.lua"/>
		<sourceFile filename="gui/vehicleControlAddonMenu.lua"/>
		<sourceFile filename="gui/vehicleControlAddonConfig.lua"/>
		<sourceFile filename="vehicleControlAddonRegister.lua"/>
	</extraSourceFiles>    
</modDesc>
