<?xml version="1.0" encoding="utf-8" standalone="no" ?>
<GUI name="vcaFrame4">

	<GuiElement type="empty" profile="uiInGameMenuFrame">
		<GuiElement type="bitmap" profile="ingameMenuSettingsBox" position="130px -124px" id="container">
			<GuiElement id="boxLayout1" type="boxLayout" profile="vcaSettingsLayoutLeft">

				<GuiElement type="multiTextOption" profile="vcaMTOSettings" id="vcaSnapAngle" toolTipElementId="mogliToolTipBoxText" toolTipText="$l10n_vca_tip_ANGLE" onCreate="onCreateSubElement" onCreateArgs="list"
												onFocus="mogliFocusToolTip" onLeave="mogliLeaveToolTip" focusId="410" focusChangeTop="370" focusChangeBottom="420">
					<GuiElement type="button" profile="vcaMTOLeft" />
					<GuiElement type="button" profile="vcaMTORight"/>
					<GuiElement type="text" profile="vcaMTOText" />
					<GuiElement type="text" profile="vcaMTOTitle" text="$l10n_vcaANGLE"/>
					<GuiElement type="bitmap" profile="vcaMTOBg" />
				</GuiElement>	

				<GuiElement type="textInput" profile="ingameMenuGameSettingsTextInput" id="vcaSnapDistance" onCreate="onCreateSubElement" 
										toolTipElementId="mogliToolTipBoxText" toolTipText="Distance" maxCharacters="5"
										imeKeyboardType="normal"> <!-- onTextChanged="vcaOnSnapDistanceChanged"-->
					<GuiElement type="text" profile="vcaMTOTitle" text="Distance"/>
				</GuiElement>
				
				<GuiElement type="multiTextOption" profile="vcaMTOSettings" id="vcaSnapDraw" toolTipElementId="mogliToolTipBoxText" toolTipText="Draw Marker" onCreate="onCreateSubElement" onCreateArgs="list0"
												onFocus="mogliFocusToolTip" onLeave="mogliLeaveToolTip" focusId="430" focusChangeTop="420" focusChangeBottom="440">
					<GuiElement type="button" profile="vcaMTOLeft" />
					<GuiElement type="button" profile="vcaMTORight"/>
					<GuiElement type="text" profile="vcaMTOText" />
					<GuiElement type="text" profile="vcaMTOTitle" text="Draw Marker"/>
					<GuiElement type="bitmap" profile="vcaMTOBg" />
				</GuiElement>			
				
				<GuiElement type="multiTextOption" profile="vcaMTOSettings" id="vcaGearRatioF" toolTipElementId="mogliToolTipBoxText" toolTipText="Gear Speed From" onCreate="onCreateSubElement" onCreateArgs="callback"
												onFocus="mogliFocusToolTip" onLeave="mogliLeaveToolTip" focusId="440" focusChangeTop="430" focusChangeBottom="450">
					<GuiElement type="button" profile="vcaMTOLeft" />
					<GuiElement type="button" profile="vcaMTORight"/>
					<GuiElement type="text" profile="vcaMTOText" />
					<GuiElement type="text" profile="vcaMTOTitle" text="Gear Speed From"/>
					<GuiElement type="bitmap" profile="vcaMTOBg" />
				</GuiElement>			
			</GuiElement>
			
			
			<GuiElement id="boxLayout2" type="boxLayout" profile="vcaSettingsLayoutMid">
				<GuiElement type="multiTextOption" profile="vcaMTOSettings" id="vcaGearRatioT" toolTipElementId="mogliToolTipBoxText" toolTipText="Gear Speed To" onCreate="onCreateSubElement" onCreateArgs="callback"
												onFocus="mogliFocusToolTip" onLeave="mogliLeaveToolTip" focusId="450" focusChangeTop="440" focusChangeBottom="460">
					<GuiElement type="button" profile="vcaMTOLeft" />
					<GuiElement type="button" profile="vcaMTORight"/>
					<GuiElement type="text" profile="vcaMTOText" />
					<GuiElement type="text" profile="vcaMTOTitle" text="Gear Speed To"/>
					<GuiElement type="bitmap" profile="vcaMTOBg" />
				</GuiElement>			
				
				<GuiElement type="multiTextOption" profile="vcaMTOSettings" id="vcaG27Mode" toolTipElementId="mogliToolTipBoxText" toolTipText="Gear Shifter Mode" onCreate="onCreateSubElement" onCreateArgs="list0"
												onFocus="mogliFocusToolTip" onLeave="mogliLeaveToolTip" focusId="460" focusChangeTop="450" focusChangeBottom="501">
					<GuiElement type="button" profile="vcaMTOLeft" />
					<GuiElement type="button" profile="vcaMTORight"/>
					<GuiElement type="text" profile="vcaMTOText" />
					<GuiElement type="text" profile="vcaMTOTitle" text="Gear Shifter Mode"/>
					<GuiElement type="bitmap" profile="vcaMTOBg" />
				</GuiElement>			
			</GuiElement>
		
				
			<GuiElement id="vcaHelp" type="text" profile="vcaHelpText" text="$l10n_vca_Help_4" />				
		</GuiElement>
	
	
		<GuiElement type="bitmap" profile="ingameMenuHelpRowBg" position="210px 64px" size="1500px 48px" id="mogliToolTipBox" visible="true">
			<GuiElement type="bitmap" profile="ingameMenuHelpRowIcon" id="mogliToolTipBoxIcon"/>
			<GuiElement type="text" profile="ingameMenuHelpRowText" id="mogliToolTipBoxText" text=""/>
		</GuiElement>
	</GuiElement>
</GUI>
