<?xml version="1.0" encoding="utf-8" standalone="no" ?>
<GUI name="vcaFrame1">

	<GuiElement type="empty" profile="uiInGameMenuFrame">
		<GuiElement type="bitmap" profile="vcaSettingsBox" id="container">
			<GuiElement id="boxLayout1" type="boxLayout" profile="vcaSettingsLayoutLeft">
			
				<GuiElement type="checkedOption" profile="vcaMTOSettings" id="vcaCamRotInside"
												toolTipElementId="mogliToolTipBoxText" toolTipText="$l10n_vca_tip_CAMERAI"												
												onCreate="onCreateSubElement">
					<GuiElement type="button" profile="vcaMTOLeft" />
					<GuiElement type="button" profile="vcaMTORight"/>
					<GuiElement type="text" profile="vcaMTOText" />
					<GuiElement type="text" profile="vcaMTOTitle" text="$l10n_vcaCAMERAI"/>
					<GuiElement type="bitmap" profile="vcaMTOBg" />
				</GuiElement>
					
				<GuiElement type="checkedOption" profile="vcaMTOSettings" id="vcaCamRotOutside"
												toolTipElementId="mogliToolTipBoxText" toolTipText="$l10n_vca_tip_CAMERAO"
												onCreate="onCreateSubElement">
					<GuiElement type="button" profile="vcaMTOLeft" />
					<GuiElement type="button" profile="vcaMTORight"/>
					<GuiElement type="text" profile="vcaMTOText" />
					<GuiElement type="text" profile="vcaMTOTitle" text="$l10n_vcaCAMERAO"/>
					<GuiElement type="bitmap" profile="vcaMTOBg" />
				</GuiElement>
					
				<GuiElement type="checkedOption" profile="vcaMTOSettings" id="vcaCamRevInside"
												toolTipElementId="mogliToolTipBoxText" toolTipText="$l10n_vca_tip_REVERSEI"
												onCreate="onCreateSubElement">
					<GuiElement type="button" profile="vcaMTOLeft" />
					<GuiElement type="button" profile="vcaMTORight"/>
					<GuiElement type="text" profile="vcaMTOText" />
					<GuiElement type="text" profile="vcaMTOTitle" text="$l10n_vcaREVERSEI"/>
					<GuiElement type="bitmap" profile="vcaMTOBg" />
				</GuiElement>
			
			
				<GuiElement type="checkedOption" profile="vcaMTOSettings" id="vcaCamRevOutside"
												toolTipElementId="mogliToolTipBoxText" toolTipText="$l10n_vca_tip_REVERSEO"
												onCreate="onCreateSubElement" >
					<GuiElement type="button" profile="vcaMTOLeft" />
					<GuiElement type="button" profile="vcaMTORight"/>
					<GuiElement type="text" profile="vcaMTOText" />
					<GuiElement type="text" profile="vcaMTOTitle" text="$l10n_vcaREVERSEO"/>
					<GuiElement type="bitmap" profile="vcaMTOBg" />
				</GuiElement>
				
				<GuiElement type="multiTextOption" profile="vcaMTOSettings" id="vcaExponent"
												toolTipElementId="mogliToolTipBoxText" toolTipText="$l10n_vca_tip_EXPONENT"
												onCreate="onCreateSubElement" onCreateArgs="list">
					<GuiElement type="button" profile="vcaMTOLeft" />
					<GuiElement type="button" profile="vcaMTORight"/>
					<GuiElement type="text" profile="vcaMTOText" />
					<GuiElement type="text" profile="vcaMTOTitle" text="$l10n_vcaEXPONENT"/>
					<GuiElement type="bitmap" profile="vcaMTOBg" />
				</GuiElement>	
				
				<GuiElement type="checkedOption" profile="vcaMTOSettings" id="vcaPeekLeftRight"
												toolTipElementId="mogliToolTipBoxText" toolTipText="$l10n_vca_tip_PEEKLR"
												onCreate="onCreateSubElement">
					<GuiElement type="button" profile="vcaMTOLeft" />
					<GuiElement type="button" profile="vcaMTORight"/>
					<GuiElement type="text" profile="vcaMTOText" />
					<GuiElement type="text" profile="vcaMTOTitle" text="$l10n_vcaPEEKLR"/>
					<GuiElement type="bitmap" profile="vcaMTOBg" />
				</GuiElement>			
				
			</GuiElement>
			<GuiElement id="boxLayout2" type="boxLayout" profile="vcaSettingsLayoutMid">
				
				<GuiElement type="checkedOption" profile="vcaMTOSettings" id="vcaSteeringIsOn"
												toolTipElementId="mogliToolTipBoxText" toolTipText="$l10n_vca_tip_STEERING"
												onCreate="onCreateSubElement">
					<GuiElement type="button" profile="vcaMTOLeft" />
					<GuiElement type="button" profile="vcaMTORight"/>
					<GuiElement type="text" profile="vcaMTOText" />
					<GuiElement type="text" profile="vcaMTOTitle" text="$l10n_vcaSTEERING"/>
					<GuiElement type="bitmap" profile="vcaMTOBg" />
				</GuiElement>
				
				<GuiElement type="multiTextOption" profile="vcaMTOSettings" id="vcaSnapAngle"
												toolTipElementId="mogliToolTipBoxText" toolTipText="$l10n_vca_tip_ANGLE"
												onCreate="onCreateSubElement" onCreateArgs="list">
					<GuiElement type="button" profile="vcaMTOLeft" />
					<GuiElement type="button" profile="vcaMTORight"/>
					<GuiElement type="text" profile="vcaMTOText" />
					<GuiElement type="text" profile="vcaMTOTitle" text="$l10n_vcaANGLE"/>
					<GuiElement type="bitmap" profile="vcaMTOBg" />
				</GuiElement>	

				<GuiElement type="textInput" profile="ingameMenuGameSettingsTextInput" id="vcaSnapDistance" onCreate="onCreateSubElement" 
										toolTipElementId="mogliToolTipBoxText" toolTipText="$l10n_vca_tip_DISTANCE"
										maxCharacters="5" imeKeyboardType="normal" onEnterPressed="vcaOnEnterPressed">
					<GuiElement type="text" profile="vcaMTOTitle" text="$l10n_vcaDISTANCE"/>
				</GuiElement>
				
				<GuiElement type="textInput" profile="ingameMenuGameSettingsTextInput" id="vcaSnapOffset1" onCreate="onCreateSubElement" 
										toolTipElementId="mogliToolTipBoxText" toolTipText="$l10n_vca_tip_OFFSET1"
										maxCharacters="5" imeKeyboardType="normal" onEnterPressed="vcaOnEnterPressed">
					<GuiElement type="text" profile="vcaMTOTitle" text="$l10n_vcaOFFSET1"/>
				</GuiElement>
				
				<GuiElement type="textInput" profile="ingameMenuGameSettingsTextInput" id="vcaSnapOffset2" onCreate="onCreateSubElement" 
										toolTipElementId="mogliToolTipBoxText" toolTipText="$l10n_vca_tip_OFFSET2"
										maxCharacters="5" imeKeyboardType="normal" onEnterPressed="vcaOnEnterPressed">
					<GuiElement type="text" profile="vcaMTOTitle" text="$l10n_vcaOFFSET2"/>
				</GuiElement>
				
				<GuiElement type="multiTextOption" profile="vcaMTOSettings" id="vcaSnapDraw"
												toolTipElementId="mogliToolTipBoxText" toolTipText="$l10n_vca_tip_DRAWMARKER"
												onCreate="onCreateSubElement" onCreateArgs="list0">
					<GuiElement type="button" profile="vcaMTOLeft" />
					<GuiElement type="button" profile="vcaMTORight"/>
					<GuiElement type="text" profile="vcaMTOText" />
					<GuiElement type="text" profile="vcaMTOTitle" text="$l10n_vcaDRAWMARKER"/>
					<GuiElement type="bitmap" profile="vcaMTOBg" />
				</GuiElement>			
				
			</GuiElement>
			
			<GuiElement id="vcaHelp" type="text" profile="vcaHelpText" text="$l10n_vca_Help_1" />				
		</GuiElement>
	
	
		<GuiElement type="bitmap" profile="ingameMenuHelpRowBg" position="210px 64px" size="1500px 48px" id="mogliToolTipBox" visible="true">
			<GuiElement type="bitmap" profile="ingameMenuHelpRowIcon" id="mogliToolTipBoxIcon"/>
			<GuiElement type="text" profile="ingameMenuHelpRowText" id="mogliToolTipBoxText" text=""/>
		</GuiElement>
	</GuiElement>
</GUI>
