<?xml version="1.0" encoding="utf-8" standalone="no" ?>
<GUI name="vcaFrame3">

	<GuiElement type="empty" profile="uiInGameMenuFrame">
		<GuiElement type="bitmap" profile="ingameMenuSettingsBox" position="130px -124px" id="container">
			<GuiElement id="boxLayout1" type="boxLayout" profile="vcaSettingsLayoutLeft">

				<GuiElement type="checkedOption" profile="vcaMTOSettings" id="vcaShuttleCtrl" 
												toolTipElementId="mogliToolTipBoxText" toolTipText="$l10n_vca_tip_SHUTTLE"
												onCreate="onCreateSubElement" >										
					<GuiElement type="button" profile="vcaMTOLeft" />
					<GuiElement type="button" profile="vcaMTORight"/>
					<GuiElement type="text" profile="vcaMTOText" />
					<GuiElement type="text" profile="vcaMTOTitle" text="$l10n_vcaSHUTTLE"/>
					<GuiElement type="bitmap" profile="vcaMTOBg" />
				</GuiElement>

				<GuiElement type="multiTextOption" profile="vcaMTOSettings" id="vcaTransmission"
												toolTipElementId="mogliToolTipBoxText" toolTipText="$l10n_vca_tip_TRANSMISSION"
												onCreate="onCreateSubElement" onCreateArgs="list0">
					<GuiElement type="button" profile="vcaMTOLeft" />
					<GuiElement type="button" profile="vcaMTORight"/>
					<GuiElement type="text" profile="vcaMTOText" />
					<GuiElement type="text" profile="vcaMTOTitle" text="$l10n_vcaTRANSMISSION"/>
					<GuiElement type="bitmap" profile="vcaMTOBg" />
				</GuiElement>
				
				<GuiElement type="textInput" profile="ingameMenuGameSettingsTextInput" id="vcaMaxSpeed" onCreate="onCreateSubElement" 
										toolTipElementId="mogliToolTipBoxText" toolTipText="$l10n_vca_tip_MAXSPEED"
										maxCharacters="5" imeKeyboardType="normal" onEnterPressed="vcaOnEnterPressed">
					<GuiElement type="text" profile="vcaMTOTitle" text="$l10n_vcaMAXSPEED"/>
				</GuiElement>
				
				<GuiElement type="checkedOption" profile="vcaMTOSettings" id="vcaAutoShift"
												toolTipElementId="mogliToolTipBoxText" toolTipText="$l10n_vca_tip_AUTOSHIFT"
												onCreate="onCreateSubElement">
					<GuiElement type="button" profile="vcaMTOLeft" />
					<GuiElement type="button" profile="vcaMTORight"/>
					<GuiElement type="text" profile="vcaMTOText" />
					<GuiElement type="text" profile="vcaMTOTitle" text="$l10n_vcaAUTOSHIFT"/>
					<GuiElement type="bitmap" profile="vcaMTOBg" />
				</GuiElement>

				<GuiElement type="checkedOption" profile="vcaMTOSettings" id="vcaLimitSpeed" 
												toolTipElementId="mogliToolTipBoxText" toolTipText="$l10n_vca_tip_LIMSPEED"
												onCreate="onCreateSubElement">
					<GuiElement type="button" profile="vcaMTOLeft" />
					<GuiElement type="button" profile="vcaMTORight"/>
					<GuiElement type="text" profile="vcaMTOText" />
					<GuiElement type="text" profile="vcaMTOTitle" text="$l10n_vcaLIMSPEED"/>
					<GuiElement type="bitmap" profile="vcaMTOBg" />
				</GuiElement>

				<GuiElement type="multiTextOption" profile="vcaMTOSettings" id="vcaHandthrottle"
												toolTipElementId="mogliToolTipBoxText" toolTipText="$l10n_vca_tip_HANDTHROTTLE"
												onCreate="onCreateSubElement" onCreateArgs="list">
					<GuiElement type="button" profile="vcaMTOLeft" />
					<GuiElement type="button" profile="vcaMTORight"/>
					<GuiElement type="text" profile="vcaMTOText" />
					<GuiElement type="text" profile="vcaMTOTitle" text="$l10n_vcaHANDTHROTTLE"/>
					<GuiElement type="bitmap" profile="vcaMTOBg" />
				</GuiElement>

			</GuiElement>			
			<GuiElement id="boxLayout2" type="boxLayout" profile="vcaSettingsLayoutMid">

				<GuiElement type="checkedOption" profile="vcaMTOSettings" id="vcaAutoClutch"
												toolTipElementId="mogliToolTipBoxText" toolTipText="$l10n_vca_tip_AUTOCLUTCH"
												onCreate="onCreateSubElement">
					<GuiElement type="button" profile="vcaMTOLeft" />
					<GuiElement type="button" profile="vcaMTORight"/>
					<GuiElement type="text" profile="vcaMTOText" />
					<GuiElement type="text" profile="vcaMTOTitle" text="$l10n_vcaAUTOCLUTCH"/>
					<GuiElement type="bitmap" profile="vcaMTOBg" />
				</GuiElement>

				<GuiElement type="checkedOption" profile="vcaMTOSettings" id="vcaTurboClutch"
												toolTipElementId="mogliToolTipBoxText" toolTipText="$l10n_vca_tip_TURBOCLUTCH"
												onCreate="onCreateSubElement">
					<GuiElement type="button" profile="vcaMTOLeft" />
					<GuiElement type="button" profile="vcaMTORight"/>
					<GuiElement type="text" profile="vcaMTOText" />
					<GuiElement type="text" profile="vcaMTOTitle" text="$l10n_vcaTURBOCLUTCH"/>
					<GuiElement type="bitmap" profile="vcaMTOBg" />
				</GuiElement>

				<GuiElement type="multiTextOption" profile="vcaMTOSettings" id="vcaGearRatioF"
												toolTipElementId="mogliToolTipBoxText" toolTipText="$l10n_vca_tip_GEARRATIOF"
												onCreate="onCreateSubElement" onCreateArgs="callback">
					<GuiElement type="button" profile="vcaMTOLeft" />
					<GuiElement type="button" profile="vcaMTORight"/>
					<GuiElement type="text" profile="vcaMTOText" />
					<GuiElement type="text" profile="vcaMTOTitle" text="$l10n_vcaGEARRATIOF"/>
					<GuiElement type="bitmap" profile="vcaMTOBg" />
				</GuiElement>			
 
				<GuiElement type="multiTextOption" profile="vcaMTOSettings" id="vcaGearRatioT"
												toolTipElementId="mogliToolTipBoxText" toolTipText="$l10n_vca_tip_GEARRATIOT"
												onCreate="onCreateSubElement" onCreateArgs="callback">
					<GuiElement type="button" profile="vcaMTOLeft" />
					<GuiElement type="button" profile="vcaMTORight"/>
					<GuiElement type="text" profile="vcaMTOText" />
					<GuiElement type="text" profile="vcaMTOTitle" text="$l10n_vcaGEARRATIOT"/>
					<GuiElement type="bitmap" profile="vcaMTOBg" />
				</GuiElement>			
				
				<GuiElement type="multiTextOption" profile="vcaMTOSettings" id="vcaG27Mode"
												toolTipElementId="mogliToolTipBoxText" toolTipText="$l10n_vca_tip_G27MODE"
												onCreate="onCreateSubElement" onCreateArgs="list0">
					<GuiElement type="button" profile="vcaMTOLeft" />
					<GuiElement type="button" profile="vcaMTORight"/>
					<GuiElement type="text" profile="vcaMTOText" />
					<GuiElement type="text" profile="vcaMTOTitle" text="$l10n_vcaG27MODE"/>
					<GuiElement type="bitmap" profile="vcaMTOBg" />
				</GuiElement>			

				<GuiElement type="multiTextOption" profile="vcaMTOSettings" id="vcaHiredWorker"
												toolTipElementId="mogliToolTipBoxText" toolTipText="$l10n_vca_tip_HIREDWORKER"
												onCreate="onCreateSubElement" onCreateArgs="list0">
					<GuiElement type="button" profile="vcaMTOLeft" />
					<GuiElement type="button" profile="vcaMTORight"/>
					<GuiElement type="text" profile="vcaMTOText" />
					<GuiElement type="text" profile="vcaMTOTitle" text="$l10n_vcaHIREDWORKER"/>
					<GuiElement type="bitmap" profile="vcaMTOBg" />
				</GuiElement>

			</GuiElement>			
			
			<GuiElement id="vcaHelp" type="text" profile="vcaHelpText" text="$l10n_vca_Help_3" />				
		</GuiElement>
	
	
		<GuiElement type="bitmap" profile="ingameMenuHelpRowBg" position="210px 64px" size="1500px 48px" id="mogliToolTipBox" visible="true">
			<GuiElement type="bitmap" profile="ingameMenuHelpRowIcon" id="mogliToolTipBoxIcon"/>
			<GuiElement type="text" profile="ingameMenuHelpRowText" id="mogliToolTipBoxText" text=""/>
		</GuiElement>
	</GuiElement>
</GUI>
