<?xml version="1.0" encoding="utf-8" standalone="no" ?>
<GUI name="vcaFrame2">

	<GuiElement type="empty" profile="uiInGameMenuFrame">
		<GuiElement type="bitmap" profile="vcaSettingsBox" id="container">
			<GuiElement id="boxLayout1" type="boxLayout" profile="vcaSettingsLayoutLeft">

				<GuiElement type="multiTextOption" profile="vcaMTOSettings" id="vcaLimitThrottle"
												toolTipElementId="mogliToolTipBoxText" toolTipText="$l10n_vca_tip_LIMIT"
												onCreate="onCreateSubElement" onCreateArgs="list">
					<GuiElement type="button" profile="vcaMTOLeft" />
					<GuiElement type="button" profile="vcaMTORight"/>
					<GuiElement type="text" profile="vcaMTOText" />
					<GuiElement type="text" profile="vcaMTOTitle" text="$l10n_vcaLIMIT"/>
					<GuiElement type="bitmap" profile="vcaMTOBg" />
				</GuiElement>
				
				<GuiElement type="multiTextOption" profile="vcaMTOSettings" id="vcaBrakeForce"
												toolTipElementId="mogliToolTipBoxText" toolTipText="$l10n_vca_tip_BRAKE"
												onCreate="onCreateSubElement" onCreateArgs="list">
					<GuiElement type="button" profile="vcaMTOLeft" />
					<GuiElement type="button" profile="vcaMTORight"/>
					<GuiElement type="text" profile="vcaMTOText" />
					<GuiElement type="text" profile="vcaMTOTitle" text="$l10n_vcaBRAKE"/>
					<GuiElement type="bitmap" profile="vcaMTOBg" />
				</GuiElement>
				
				<GuiElement type="checkedOption" profile="vcaMTOSettings" id="vcaKSToggle"
												toolTipElementId="mogliToolTipBoxText" toolTipText="$l10n_vca_tip_KEEPSPEED"
												onCreate="onCreateSubElement">
					<GuiElement type="button" profile="vcaMTOLeft" />
					<GuiElement type="button" profile="vcaMTORight"/>
					<GuiElement type="text" profile="vcaMTOText" />
					<GuiElement type="text" profile="vcaMTOTitle" text="$l10n_vcaKEEPSPEED"/>
					<GuiElement type="bitmap" profile="vcaMTOBg" />
				</GuiElement>

				<GuiElement type="checkedOption" profile="vcaMTOSettings" id="vcaNoARBToggle"
												toolTipElementId="mogliToolTipBoxText" toolTipText="$l10n_vca_tip_NO_ARB"
												onCreate="onCreateSubElement">
					<GuiElement type="button" profile="vcaMTOLeft" />
					<GuiElement type="button" profile="vcaMTORight"/>
					<GuiElement type="text" profile="vcaMTOText" />
					<GuiElement type="text" profile="vcaMTOTitle" text="$l10n_vcaNO_ARB"/>
					<GuiElement type="bitmap" profile="vcaMTOBg" />
				</GuiElement>

				<GuiElement type="checkedOption" profile="vcaMTOSettings" id="vcaDrawHud"
												toolTipElementId="mogliToolTipBoxText" toolTipText="$l10n_vca_tip_DRAWHUD"
												onCreate="onCreateSubElement">
					<GuiElement type="button" profile="vcaMTOLeft" />
					<GuiElement type="button" profile="vcaMTORight"/>
					<GuiElement type="text" profile="vcaMTOText" />
					<GuiElement type="text" profile="vcaMTOTitle" text="$l10n_vcaDRAWHUD"/>
					<GuiElement type="bitmap" profile="vcaMTOBg" />
				</GuiElement>			
	
			</GuiElement>
			<GuiElement id="boxLayout2" type="boxLayout" profile="vcaSettingsLayoutMid">

				<GuiElement type="checkedOption" profile="vcaMTOSettings" id="vcaModifyPitch"
												toolTipElementId="mogliToolTipBoxText" toolTipText="$l10n_vca_tip_PITCH1"
												onCreate="onCreateSubElement">
					<GuiElement type="button" profile="vcaMTOLeft" />
					<GuiElement type="button" profile="vcaMTORight"/>
					<GuiElement type="text" profile="vcaMTOText" />
					<GuiElement type="text" profile="vcaMTOTitle" text="$l10n_vcaPITCH1"/>
					<GuiElement type="bitmap" profile="vcaMTOBg" />
				</GuiElement>

				<GuiElement type="multiTextOption" profile="vcaMTOSettings" id="vcaPitchFactor"
												toolTipElementId="mogliToolTipBoxText" toolTipText="$l10n_vca_tip_PITCH"
												onCreate="onCreateSubElement" onCreateArgs="list">
					<GuiElement type="button" profile="vcaMTOLeft" />
					<GuiElement type="button" profile="vcaMTORight"/>
					<GuiElement type="text" profile="vcaMTOText" />
					<GuiElement type="text" profile="vcaMTOTitle" text="$l10n_vcaPITCH"/>
					<GuiElement type="bitmap" profile="vcaMTOBg" />
				</GuiElement>

				<GuiElement type="multiTextOption" profile="vcaMTOSettings" id="vcaPitchExponent"
												toolTipElementId="mogliToolTipBoxText" toolTipText="$l10n_vca_tip_PITCH2"
												onCreate="onCreateSubElement" onCreateArgs="list">
					<GuiElement type="button" profile="vcaMTOLeft" />
					<GuiElement type="button" profile="vcaMTORight"/>
					<GuiElement type="text" profile="vcaMTOText" />
					<GuiElement type="text" profile="vcaMTOTitle" text="$l10n_vcaPITCH2"/>
					<GuiElement type="bitmap" profile="vcaMTOBg" />
				</GuiElement>

				<GuiElement type="multiTextOption" profile="vcaMTOSettings" id="vcaBlowOffVolume"
												toolTipElementId="mogliToolTipBoxText" toolTipText="$l10n_vca_tip_BLOWOFFVOL"
												onCreate="onCreateSubElement" onCreateArgs="list0">
					<GuiElement type="button" profile="vcaMTOLeft" />
					<GuiElement type="button" profile="vcaMTORight"/>
					<GuiElement type="text" profile="vcaMTOText" />
					<GuiElement type="text" profile="vcaMTOTitle" text="$l10n_vcaBLOWOFFVOL"/>
					<GuiElement type="bitmap" profile="vcaMTOBg" />
				</GuiElement>

			</GuiElement>		
			
			<GuiElement id="vcaHelp" type="text" profile="vcaHelpText" text="$l10n_vca_Help_2" />				
		</GuiElement>
	
	
		<GuiElement type="bitmap" profile="ingameMenuHelpRowBg" position="210px 64px" size="1500px 48px" id="mogliToolTipBox" visible="true">
			<GuiElement type="bitmap" profile="ingameMenuHelpRowIcon" id="mogliToolTipBoxIcon"/>
			<GuiElement type="text" profile="ingameMenuHelpRowText" id="mogliToolTipBoxText" text=""/>
		</GuiElement>
	</GuiElement>
</GUI>
