<?xml version="1.0" encoding="utf-8" standalone="no" ?>
<GUI name="vcaFrame6">

	<GuiElement type="empty" profile="uiInGameMenuFrame">
		<GuiElement type="bitmap" profile="vcaSettingsBox" id="container">
			<GuiElement id="boxLayout1" type="boxLayout" profile="vcaSettingsLayoutLeft">	

				<GuiElement type="checkedOption" profile="vcaMTOSettings" id="vcaAntiSlip" 
												toolTipElementId="mogliToolTipBoxText" toolTipText="$l10n_vca_tip_AntiSlip"
												onCreate="onCreateSubElement">
					<GuiElement type="button" profile="vcaMTOLeft" />
					<GuiElement type="button" profile="vcaMTORight"/>
					<GuiElement type="text" profile="vcaMTOText" />
					<GuiElement type="text" profile="vcaMTOTitle" text="$l10n_vcaAntiSlip"/>
					<GuiElement type="bitmap" profile="vcaMTOBg" />
				</GuiElement>

				<GuiElement type="checkedOption" profile="vcaMTOSettings" id="vcaDiffManual" 
												toolTipElementId="mogliToolTipBoxText" toolTipText="$l10n_vca_tip_DiffManual"
												onCreate="onCreateSubElement">
					<GuiElement type="button" profile="vcaMTOLeft" />
					<GuiElement type="button" profile="vcaMTORight"/>
					<GuiElement type="text" profile="vcaMTOText" />
					<GuiElement type="text" profile="vcaMTOTitle" text="$l10n_vcaDiffManual"/>
					<GuiElement type="bitmap" profile="vcaMTOBg" />
				</GuiElement>

				<GuiElement type="checkedOption" profile="vcaMTOSettings" id="vcaDiffFrontAdv" 
												toolTipElementId="mogliToolTipBoxText" toolTipText="$l10n_vca_tip_DiffFrontAdv" 
												onCreate="onCreateSubElement">
					<GuiElement type="button" profile="vcaMTOLeft" />
					<GuiElement type="button" profile="vcaMTORight"/>
					<GuiElement type="text" profile="vcaMTOText" />
					<GuiElement type="text" profile="vcaMTOTitle" text="$l10n_vcaDiffFrontAdv"/>
					<GuiElement type="bitmap" profile="vcaMTOBg" />
				</GuiElement>

				<GuiElement type="checkedOption" profile="vcaMTOSettings" id="vcaDiffLockSwap" 
												toolTipElementId="mogliToolTipBoxText" toolTipText="$l10n_vca_tip_DiffLockSwap"
												onCreate="onCreateSubElement">
					<GuiElement type="button" profile="vcaMTOLeft" />
					<GuiElement type="button" profile="vcaMTORight"/>
					<GuiElement type="text" profile="vcaMTOText" />
					<GuiElement type="text" profile="vcaMTOTitle" text="$l10n_vcaDiffLockSwap"/>
					<GuiElement type="bitmap" profile="vcaMTOBg" />
				</GuiElement>
				
				<GuiElement type="checkedOption" profile="vcaMTOSettings" id="vcaHiredWorker2"
												toolTipElementId="mogliToolTipBoxText" toolTipText="$l10n_vca_tip_HIREDWORKER2"
												onCreate="onCreateSubElement">
					<GuiElement type="button" profile="vcaMTOLeft" />
					<GuiElement type="button" profile="vcaMTORight"/>
					<GuiElement type="text" profile="vcaMTOText" />
					<GuiElement type="text" profile="vcaMTOTitle" text="$l10n_vcaHIREDWORKER2"/>
					<GuiElement type="bitmap" profile="vcaMTOBg" />
				</GuiElement>

			</GuiElement>			
			<GuiElement id="boxLayout2" type="boxLayout" profile="vcaSettingsLayoutMid">

				<GuiElement type="textInput" profile="ingameMenuGameSettingsTextInput" id="vcaSpeedLimitF" onCreate="onCreateSubElement" 
										toolTipElementId="mogliToolTipBoxText" toolTipText="$l10n_vca_tip_SPEEDLIMITF"
										maxCharacters="20" imeKeyboardType="normal" onEnterPressed="vcaOnEnterPressed">
					<GuiElement type="text" profile="vcaMTOTitle" text="$l10n_vcaSPEEDLIMITF"/>
				</GuiElement>
				<GuiElement type="textInput" profile="ingameMenuGameSettingsTextInput" id="vcaSpeedLimitB" onCreate="onCreateSubElement" 
										toolTipElementId="mogliToolTipBoxText" toolTipText="$l10n_vca_tip_SPEEDLIMITB"
										maxCharacters="20" imeKeyboardType="normal" onEnterPressed="vcaOnEnterPressed">
					<GuiElement type="text" profile="vcaMTOTitle" text="$l10n_vcaSPEEDLIMITB"/>
				</GuiElement>

				<GuiElement type="textInput" profile="ingameMenuGameSettingsTextInput" id="vcaRatedPower" onCreate="onCreateSubElement" 
										toolTipElementId="mogliToolTipBoxText" toolTipText="$l10n_vca_tip_RATEDPOWER"
										maxCharacters="20" imeKeyboardType="normal" onEnterPressed="vcaOnEnterPressed">
					<GuiElement type="text" profile="vcaMTOTitle" text="$l10n_vcaRATEDPOWER"/>
				</GuiElement>
				
				<GuiElement type="multiTextOption" profile="vcaMTOSettings" id="vcaTorqueCurve"
												toolTipElementId="mogliToolTipBoxText" toolTipText="$l10n_vca_tip_TORQUECURVE"
												onCreate="onCreateSubElement" onCreateArgs="list0">
					<GuiElement type="button" profile="vcaMTOLeft" />
					<GuiElement type="button" profile="vcaMTORight"/>
					<GuiElement type="text" profile="vcaMTOText" />
					<GuiElement type="text" profile="vcaMTOTitle" text="$l10n_vcaTORQUECURVE"/>
					<GuiElement type="bitmap" profile="vcaMTOBg" />
				</GuiElement>			

				<GuiElement type="multiTextOption" profile="vcaMTOSettings" id="vcaRotAccTime"
												toolTipElementId="mogliToolTipBoxText" toolTipText="$l10n_vca_tip_ROTACCTIME"
												onCreate="onCreateSubElement" onCreateArgs="list0">
					<GuiElement type="button" profile="vcaMTOLeft" />
					<GuiElement type="button" profile="vcaMTORight"/>
					<GuiElement type="text" profile="vcaMTOText" />
					<GuiElement type="text" profile="vcaMTOTitle" text="$l10n_vcaROTACCTIME"/>
					<GuiElement type="bitmap" profile="vcaMTOBg" />
				</GuiElement>			

			</GuiElement>

		
			<GuiElement id="vcaHelp" type="text" profile="vcaHelpText" text="$l10n_vca_Help_6" />				
		</GuiElement>
	
	
		<GuiElement type="bitmap" profile="ingameMenuHelpRowBg" position="210px 64px" size="1500px 48px" id="mogliToolTipBox" visible="true">
			<GuiElement type="bitmap" profile="ingameMenuHelpRowIcon" id="mogliToolTipBoxIcon"/>
			<GuiElement type="text" profile="ingameMenuHelpRowText" id="mogliToolTipBoxText" text=""/>
		</GuiElement>
	</GuiElement>
</GUI>
