<?xml version="1.0" encoding="utf-8" standalone="no" ?>
<GUI name="vcaFrame4">

	<GuiElement id="container" type="bitmap" profile="vcaSettingsBox">
		<GuiElement id="boxLayout1" type="boxLayout" profile="vcaSettingsLayoutLeft">
			<GuiElement type="multiTextOption" profile="multiTextOptionSettings" id="vcaSnapAngle" toolTipElementId="mogliToolTipBoxText" toolTipText="$l10n_vca_tip_ANGLE" onCreate="onCreateSubElement" onCreateArgs="list"
											onFocus="mogliFocusToolTip" onLeave="mogliLeaveToolTip" focusId="410" focusChangeTop="370" focusChangeBottom="420">
				<GuiElement type="button" profile="multiTextOptionLeft" />
				<GuiElement type="button" profile="multiTextOptionRight"/>
				<GuiElement type="text"   profile="multiTextOptionText" />
				<GuiElement type="text"   profile="multiTextOptionTitle" text="$l10n_vcaANGLE"/>
				<GuiElement type="bitmap" profile="multiTextOptionBg" />
			</GuiElement>	
		
			<GuiElement type="textInput" profile="ingameMenuGameSettingsTextInput" id="vcaSnapDistance" onCreate="onCreateSubElement" 
									toolTipElementId="mogliToolTipBoxText" toolTipText="Distance" maxCharacters="5"
									imeKeyboardType="normal"> <!-- onTextChanged="vcaOnSnapDistanceChanged"-->
				<GuiElement type="text" profile="multiTextOptionSettingsTitle" text="Distance"/>
			</GuiElement>
			
			<GuiElement type="multiTextOption" profile="multiTextOptionSettings" id="vcaSnapDraw" toolTipElementId="mogliToolTipBoxText" toolTipText="Draw Marker" onCreate="onCreateSubElement" onCreateArgs="list0"
											onFocus="mogliFocusToolTip" onLeave="mogliLeaveToolTip" focusId="430" focusChangeTop="420" focusChangeBottom="440">
				<GuiElement type="button" profile="multiTextOptionLeft" />
				<GuiElement type="button" profile="multiTextOptionRight"/>
				<GuiElement type="text"   profile="multiTextOptionText" />
				<GuiElement type="text"   profile="multiTextOptionTitle" text="Draw Marker"/>
				<GuiElement type="bitmap" profile="multiTextOptionBg" />
			</GuiElement>			
			
			<GuiElement type="multiTextOption" profile="multiTextOptionSettings" id="vcaGearRatioF" toolTipElementId="mogliToolTipBoxText" toolTipText="Gear Speed From" onCreate="onCreateSubElement" onCreateArgs="callback"
											onFocus="mogliFocusToolTip" onLeave="mogliLeaveToolTip" focusId="440" focusChangeTop="430" focusChangeBottom="450">
				<GuiElement type="button" profile="multiTextOptionLeft" />
				<GuiElement type="button" profile="multiTextOptionRight"/>
				<GuiElement type="text"   profile="multiTextOptionText" />
				<GuiElement type="text"   profile="multiTextOptionTitle" text="Gear Speed From"/>
				<GuiElement type="bitmap" profile="multiTextOptionBg" />
			</GuiElement>			
		</GuiElement>
		
		
		<GuiElement id="boxLayout2" type="boxLayout" profile="vcaSettingsLayoutMid">
			<GuiElement type="multiTextOption" profile="multiTextOptionSettings" id="vcaGearRatioT" toolTipElementId="mogliToolTipBoxText" toolTipText="Gear Speed To" onCreate="onCreateSubElement" onCreateArgs="callback"
											onFocus="mogliFocusToolTip" onLeave="mogliLeaveToolTip" focusId="450" focusChangeTop="440" focusChangeBottom="460">
				<GuiElement type="button" profile="multiTextOptionLeft" />
				<GuiElement type="button" profile="multiTextOptionRight"/>
				<GuiElement type="text"   profile="multiTextOptionText" />
				<GuiElement type="text"   profile="multiTextOptionTitle" text="Gear Speed To"/>
				<GuiElement type="bitmap" profile="multiTextOptionBg" />
			</GuiElement>			
			
			<GuiElement type="multiTextOption" profile="multiTextOptionSettings" id="vcaG27Mode" toolTipElementId="mogliToolTipBoxText" toolTipText="Gear Shifter Mode" onCreate="onCreateSubElement" onCreateArgs="list0"
											onFocus="mogliFocusToolTip" onLeave="mogliLeaveToolTip" focusId="460" focusChangeTop="450" focusChangeBottom="501">
				<GuiElement type="button" profile="multiTextOptionLeft" />
				<GuiElement type="button" profile="multiTextOptionRight"/>
				<GuiElement type="text"   profile="multiTextOptionText" />
				<GuiElement type="text"   profile="multiTextOptionTitle" text="Gear Shifter Mode"/>
				<GuiElement type="bitmap" profile="multiTextOptionBg" />
			</GuiElement>			
		</GuiElement>
		
				
		<GuiElement id="vcaHelp" type="text" profile="vcaHelpText" text="$l10n_vca_Help_4" />				
	</GuiElement>


		
		<!--GuiElement type="text" profile="textDefault" textAlignment="left" size="390px 688px" position="1113px 88px" positionOrigin="bottomLeft" 
								textWrapWidth="500px" textVerticalAlignment="top" textSize="20px" text="$l10n_vca_Help_1" /-->				

	<GuiElement type="bitmap" profile="ingameMenuHelpRowBg" id="mogliToolTipBox" size="1660px 48px" position="0px 0px" positionOrigin="bottomLeft" visible="true">
		<GuiElement type="bitmap" profile="ingameMenuHelpRowIcon"/>
		<GuiElement type="text" profile="ingameMenuHelpRowText" id="mogliToolTipBoxText" text="" />
	</GuiElement>		
</GUI>
