<?xml version="1.0" encoding="utf-8" standalone="no" ?>
<GUI name="vcaFrame3">

	<GuiElement type="empty" profile="uiInGameMenuFrame">
		<GuiElement type="bitmap" profile="ingameMenuSettingsBox" position="130px -124px" id="container">
			<GuiElement id="boxLayout1" type="boxLayout" profile="vcaSettingsLayoutLeft">

				<GuiElement type="checkedOption" profile="vcaMTOSettings" id="vcaShuttleCtrl" toolTipElementId="mogliToolTipBoxText" toolTipText="$l10n_vca_tip_SHUTTLE" onCreate="onCreateSubElement" 
												onFocus="mogliFocusToolTip" onLeave="mogliLeaveToolTip" focusId="310" focusChangeTop="250" focusChangeBottom="320">										
					<GuiElement type="button" profile="vcaMTOLeft" />
					<GuiElement type="button" profile="vcaMTORight"/>
					<GuiElement type="text" profile="vcaMTOText" />
					<GuiElement type="text" profile="vcaMTOTitle" text="$l10n_vcaSHUTTLE"/>
					<GuiElement type="bitmap" profile="vcaMTOBg" />
				</GuiElement>

				<GuiElement type="multiTextOption" profile="vcaMTOSettings" id="vcaTransmission" toolTipElementId="mogliToolTipBoxText" toolTipText="$l10n_vca_tip_TRANSMISSION" onCreate="onCreateSubElement" onCreateArgs="list0"
												onFocus="mogliFocusToolTip" onLeave="mogliLeaveToolTip" focusId="320" focusChangeTop="310" focusChangeBottom="330">
					<GuiElement type="button" profile="vcaMTOLeft" />
					<GuiElement type="button" profile="vcaMTORight"/>
					<GuiElement type="text" profile="vcaMTOText" />
					<GuiElement type="text" profile="vcaMTOTitle" text="$l10n_vcaTRANSMISSION"/>
					<GuiElement type="bitmap" profile="vcaMTOBg" />
				</GuiElement>
				
				<GuiElement type="multiTextOption" profile="vcaMTOSettings" id="vcaMaxSpeed" toolTipElementId="mogliToolTipBoxText" toolTipText="$l10n_vca_tip_MAXSPEED" onCreate="onCreateSubElement" onCreateArgs="list"
												onFocus="mogliFocusToolTip" onLeave="mogliLeaveToolTip" focusId="330" focusChangeTop="320" focusChangeBottom="340">
					<GuiElement type="button" profile="vcaMTOLeft" />
					<GuiElement type="button" profile="vcaMTORight"/>
					<GuiElement type="text" profile="vcaMTOText" />
					<GuiElement type="text" profile="vcaMTOTitle" text="$l10n_vcaMAXSPEED"/>
					<GuiElement type="bitmap" profile="vcaMTOBg" />
				</GuiElement>
				
				<GuiElement type="checkedOption" profile="vcaMTOSettings" id="vcaAutoShift" toolTipElementId="mogliToolTipBoxText" toolTipText="$l10n_vca_tip_AUTOSHIFT" onCreate="onCreateSubElement"
												onFocus="mogliFocusToolTip" onLeave="mogliLeaveToolTip" focusId="340" focusChangeTop="330" focusChangeBottom="350">
					<GuiElement type="button" profile="vcaMTOLeft" />
					<GuiElement type="button" profile="vcaMTORight"/>
					<GuiElement type="text" profile="vcaMTOText" />
					<GuiElement type="text" profile="vcaMTOTitle" text="$l10n_vcaAUTOSHIFT"/>
					<GuiElement type="bitmap" profile="vcaMTOBg" />
				</GuiElement>
			</GuiElement>
			
			
			<GuiElement id="boxLayout2" type="boxLayout" profile="vcaSettingsLayoutMid">
				<GuiElement type="checkedOption" profile="vcaMTOSettings" id="vcaLimitSpeed" toolTipElementId="mogliToolTipBoxText" toolTipText="$l10n_vca_tip_LIMSPEED" onCreate="onCreateSubElement"
												onFocus="mogliFocusToolTip" onLeave="mogliLeaveToolTip" focusId="350" focusChangeTop="340" focusChangeBottom="360">
					<GuiElement type="button" profile="vcaMTOLeft" />
					<GuiElement type="button" profile="vcaMTORight"/>
					<GuiElement type="text" profile="vcaMTOText" />
					<GuiElement type="text" profile="vcaMTOTitle" text="$l10n_vcaLIMSPEED"/>
					<GuiElement type="bitmap" profile="vcaMTOBg" />
				</GuiElement>

				<GuiElement type="checkedOption" profile="vcaMTOSettings" id="vcaAutoClutch" toolTipElementId="mogliToolTipBoxText" toolTipText="AutoClutch" onCreate="onCreateSubElement"
												onFocus="mogliFocusToolTip" onLeave="mogliLeaveToolTip" focusId="370" focusChangeTop="360" focusChangeBottom="410">
					<GuiElement type="button" profile="vcaMTOLeft" />
					<GuiElement type="button" profile="vcaMTORight"/>
					<GuiElement type="text" profile="vcaMTOText" />
					<GuiElement type="text" profile="vcaMTOTitle" text="AutoClutch"/>
					<GuiElement type="bitmap" profile="vcaMTOBg" />
				</GuiElement>
			</GuiElement>			
			
			<GuiElement id="vcaHelp" type="text" profile="vcaHelpText" text="$l10n_vca_Help_3" />				
		</GuiElement>
	
	
		<GuiElement type="bitmap" profile="ingameMenuHelpRowBg" position="210px 64px" size="1500px 48px" id="mogliToolTipBox" visible="true">
			<GuiElement type="bitmap" profile="ingameMenuHelpRowIcon" id="mogliToolTipBoxIcon"/>
			<GuiElement type="text" profile="ingameMenuHelpRowText" id="mogliToolTipBoxText" text=""/>
		</GuiElement>
	</GuiElement>
</GUI>
