<?xml version="1.0" encoding="utf-8" standalone="no" ?>
<GUI onOpen="onOpen" onClose="onClose" onCreate="onCreate">
	<GuiElement type="bitmap" profile="uiFullInGameBackground" id="inGameBackgroundElement"/>

	<GuiElement type="bitmap" profile="uiInGameMenuHeader" id="header">
		<GuiElement type="multiTextOption" profile="uiInGameMenuHeaderSelector" onClick="onClickPageSelection" id="pageSelector" soundDisabled="true">
			<GuiElement type="button" profile="uiInGameMenuPagingButtonLeft" id="pagingButtonLeft"/>
			<GuiElement type="button" profile="uiInGameMenuPagingButtonRight" id="pagingButtonRight"/>
		</GuiElement>

		<GuiElement type="list" profile="uiInGameMenuPagingTabList" id="pagingTabList" handleFocus="false">
			<GuiElement type="listItem" id="pagingTabTemplate" profile="uiTabbedMenuPageTab" position="0px 0px" handleFocus="false">
				<GuiElement type="button" name="tabButton" profile="uiTabbedMenuPageTabButton" handleFocus="false"/>
			</GuiElement>
		</GuiElement>
	</GuiElement>

	<GuiElement type="bitmap" profile="uiElementContainerFullScreenSpanning" size="1920px 1080px">
		<GuiElement type="paging" profile="uiInGameMenuPaging" onPageChange="onPageChange" onPageUpdate="onPageUpdate" id="pagingElement">
			<GuiElement type="frameReference" ref="vcaFrame1" name="vcaFrame1" id="vcaFrame1" />
			<GuiElement type="frameReference" ref="vcaFrame2" name="vcaFrame2" id="vcaFrame2" />
			<GuiElement type="frameReference" ref="vcaFrame3" name="vcaFrame3" id="vcaFrame3" />
			<GuiElement type="frameReference" ref="vcaFrame6" name="vcaFrame6" id="vcaFrame6" />
			<GuiElement type="frameReference" ref="vcaFrame4" name="vcaFrame4" id="vcaFrame4" />
			<GuiElement type="frameReference" ref="vcaFrame5" name="vcaFrame5" id="vcaFrame5" />
		</GuiElement>
	</GuiElement>

	<GuiElement type="flowLayout" profile="buttonBoxDocked" screenAlign="bottomLeft" positionOrigin="bottomLeft" position="130px 77px" id="buttonsPanel">
		<GuiElement type="button" profile="buttonBack" onClick="onClickBack" id="menuButton[1]"/>
		<GuiElement type="button" profile="buttonBack" onClick="onClickBack" id="menuButton[2]"/>
		<GuiElement type="button" profile="buttonBack" onClick="onClickBack" id="menuButton[3]"/>
		<GuiElement type="button" profile="buttonBack" onClick="onClickBack" id="menuButton[4]"/>
		<GuiElement type="button" profile="buttonBack" onClick="onClickBack" id="menuButton[5]"/>
		<GuiElement type="button" profile="buttonBack" onClick="onClickBack" id="menuButton[6]"/>
	</GuiElement>
</GUI>