<?xml version="1.0" encoding="utf-8" standalone="no" ?>
<GUI onOpen="onOpen" onClose="onClose" onCreate="onCreate">
	<GuiElement type="empty" profile="newLayer" />
	<GuiElement type="bitmap" profile="dialogFullscreenBg" />
	<GuiElement type="bitmap" profile="bgVignette"/>
	<GuiElement type="bitmap" profile="bgGlowDialog" />

		<GuiElement type="empty" profile="ingameMenuCenterBox" id="settingsContainer">
			<GuiElement type="bitmap" profile="topScrollClipper" name="topClipper" />
			<GuiElement type="bitmap" profile="bottomScrollClipper" name="bottomClipper" />

			<GuiElement type="scrollingLayout" profile="ingameMenuSettingsLayout" id="boxLayout" topClipperElementName="topClipper" bottomClipperElementName="bottomClipper">

				<GuiElement type="text" profile="settingsMenuSubtitle" text="Camera"/> <!--vcaTextID="vcaSETTINGS" text="settings" /> -->

				<GuiElement type="multiTextOption" profile="multiTextOptionSettings" id="camRotInside" onCreate="onCreateSubElement" onCreateArgs="list0">
					<GuiElement type="button" profile="multiTextOptionSettingsLeft" />
					<GuiElement type="button" profile="multiTextOptionSettingsRight" />
					<GuiElement type="text"   profile="multiTextOptionSettingsText" />
					<GuiElement type="text"   profile="multiTextOptionSettingsTitle" vcaTextID="vcaCAMERAI" text="camRotInside"/>
					<GuiElement type="bitmap" profile="multiTextOptionSettingsBg" />
					<GuiElement type="text"   profile="multiTextOptionSettingsTooltip" vcaTextID="vca_tip_CAMERAI" text="camRotInside"/>
				</GuiElement>
					
				<GuiElement type="multiTextOption" profile="multiTextOptionSettings" id="camRotOutside" onCreate="onCreateSubElement" onCreateArgs="list0">
					<GuiElement type="button" profile="multiTextOptionSettingsLeft" />
					<GuiElement type="button" profile="multiTextOptionSettingsRight" />
					<GuiElement type="text"   profile="multiTextOptionSettingsText" />
					<GuiElement type="text"   profile="multiTextOptionSettingsTitle" vcaTextID="vcaCAMERAO" text="camRotOutside"/>
					<GuiElement type="bitmap" profile="multiTextOptionSettingsBg" />
					<GuiElement type="text"   profile="multiTextOptionSettingsTooltip" vcaTextID="vca_tip_CAMERAO" text="camRotOutside"/>
				</GuiElement>
					
				<GuiElement type="checkedOption" profile="multiTextOptionSettings" id="camRevInside" onCreate="onCreateSubElement">
					<GuiElement type="button" profile="multiTextOptionSettingsLeft" />
					<GuiElement type="button" profile="multiTextOptionSettingsRight" />
					<GuiElement type="text"   profile="multiTextOptionSettingsText" />
					<GuiElement type="text"   profile="multiTextOptionSettingsTitle" vcaTextID="vcaREVERSEI" text="camRevInside"/>
					<GuiElement type="bitmap" profile="multiTextOptionSettingsBg" />
					<GuiElement type="text"   profile="multiTextOptionSettingsTooltip" vcaTextID="vca_tip_REVERSEI" text="camRevInside"/>
				</GuiElement>
			
			
				<GuiElement type="checkedOption" profile="multiTextOptionSettings" id="camRevOutside" onCreate="onCreateSubElement" >
					<GuiElement type="button" profile="multiTextOptionSettingsLeft" />
					<GuiElement type="button" profile="multiTextOptionSettingsRight" />
					<GuiElement type="text"   profile="multiTextOptionSettingsText" />
					<GuiElement type="text"   profile="multiTextOptionSettingsTitle" vcaTextID="vcaREVERSEO" text="camRevOutside"/>
					<GuiElement type="bitmap" profile="multiTextOptionSettingsBg" />
					<GuiElement type="text"   profile="multiTextOptionSettingsTooltip" vcaTextID="vca_tip_REVERSEO" text="camRevOutside"/>
				</GuiElement>
				
				<GuiElement type="checkedOption" profile="multiTextOptionSettings" id="peekLeftRight" onCreate="onCreateSubElement">
					<GuiElement type="button" profile="multiTextOptionSettingsLeft" />
					<GuiElement type="button" profile="multiTextOptionSettingsRight" />
					<GuiElement type="text"   profile="multiTextOptionSettingsText" />
					<GuiElement type="text"   profile="multiTextOptionSettingsTitle" vcaTextID="vcaPEEKLR" text="peekLeftRight"/>
					<GuiElement type="bitmap" profile="multiTextOptionSettingsBg" />
					<GuiElement type="text"   profile="multiTextOptionSettingsTooltip" vcaTextID="vca_tip_PEEKLR" text="peekLeftRight"/>
				</GuiElement>			
				


				<GuiElement type="text" profile="settingsMenuSubtitle" text="Steering"/> <!--vcaTextID="vcaSETTINGS" text="settings" /> -->

				<GuiElement type="checkedOption" profile="vcaMTOSettings" id="steeringIsOn" onCreate="onCreateSubElement">
					<GuiElement type="button" profile="multiTextOptionSettingsLeft" />
					<GuiElement type="button" profile="multiTextOptionSettingsRight" />
					<GuiElement type="text"   profile="multiTextOptionSettingsText" />
					<GuiElement type="text"   profile="multiTextOptionSettingsTitle" vcaTextID="vcaSTEERING" text="steeringIsOn"/>
					<GuiElement type="bitmap" profile="multiTextOptionSettingsBg" />
					<GuiElement type="text"   profile="multiTextOptionSettingsTooltip" vcaTextID="vca_tip_STEERING" text="steeringIsOn"/>
				</GuiElement>

				<GuiElement type="multiTextOption" profile="vcaMTOSettings" id="rotSpeedOut" onCreate="onCreateSubElement" onCreateArgs="percent5">
					<GuiElement type="button" profile="multiTextOptionSettingsLeft" />
					<GuiElement type="button" profile="multiTextOptionSettingsRight" />
					<GuiElement type="text"   profile="multiTextOptionSettingsText" />
					<GuiElement type="text"   profile="multiTextOptionSettingsTitle" vcaTextID="vcaSTSPEEDO" text="rotSpeedOut"/>
					<GuiElement type="bitmap" profile="multiTextOptionSettingsBg" />
					<GuiElement type="text"   profile="multiTextOptionSettingsTooltip" vcaTextID="vca_tip_STSPEEDO" text="rotSpeedOut"/>
				</GuiElement>	

				<GuiElement type="multiTextOption" profile="vcaMTOSettings" id="rotSpeedIn" onCreate="onCreateSubElement" onCreateArgs="percent5">
					<GuiElement type="button" profile="multiTextOptionSettingsLeft" />
					<GuiElement type="button" profile="multiTextOptionSettingsRight" />
					<GuiElement type="text"   profile="multiTextOptionSettingsText" />
					<GuiElement type="text"   profile="multiTextOptionSettingsTitle" vcaTextID="vcaSTSPEEDI" text="rotSpeedIn"/>
					<GuiElement type="bitmap" profile="multiTextOptionSettingsBg" />
					<GuiElement type="text"   profile="multiTextOptionSettingsTooltip" vcaTextID="vca_tip_STSPEEDI" text="rotSpeedIn"/>
				</GuiElement>	
				
				<GuiElement type="checkedOption" profile="multiTextOptionSettings" id="noARBToggle" onCreate="onCreateSubElement">
					<GuiElement type="button" profile="multiTextOptionSettingsLeft" />
					<GuiElement type="button" profile="multiTextOptionSettingsRight" />
					<GuiElement type="text"   profile="multiTextOptionSettingsText" />
					<GuiElement type="text"   profile="multiTextOptionSettingsTitle" vcaTextID="vcaNO_ARB" text="noARBToggle"/>
					<GuiElement type="bitmap" profile="multiTextOptionSettingsBg" />
					<GuiElement type="text"   profile="multiTextOptionSettingsTooltip" vcaTextID="vca_tip_NO_ARB" text="noARBToggle"/>
				</GuiElement>
			


			
				<GuiElement type="text" profile="settingsMenuSubtitle" text="GPS"/> <!--vcaTextID="vcaSETTINGS" text="settings" /> -->

				<GuiElement type="checkedOption" profile="multiTextOptionSettings" id="snapEvery90" onCreate="onCreateSubElement">
					<GuiElement type="button" profile="multiTextOptionSettingsLeft" />
					<GuiElement type="button" profile="multiTextOptionSettingsRight" />
					<GuiElement type="text"   profile="multiTextOptionSettingsText" />
					<GuiElement type="text"   profile="multiTextOptionSettingsTitle" vcaTextID="vcaSNAP90" text="snapEvery90"/>
					<GuiElement type="bitmap" profile="multiTextOptionSettingsBg" />
					<GuiElement type="text"   profile="multiTextOptionSettingsTooltip" vcaTextID="vca_tip_SNAP90" text="snapEvery90"/>
				</GuiElement>			
				
				<GuiElement type="multiTextOption" profile="multiTextOptionSettings" id="snapDraw" onCreate="onCreateSubElement" onCreateArgs="list0">
					<GuiElement type="button" profile="multiTextOptionSettingsLeft" />
					<GuiElement type="button" profile="multiTextOptionSettingsRight" />
					<GuiElement type="text"   profile="multiTextOptionSettingsText" />
					<GuiElement type="text"   profile="multiTextOptionSettingsTitle" vcaTextID="vcaDRAWMARKER" text="Draw Marker"/>
					<GuiElement type="bitmap" profile="multiTextOptionSettingsBg" />
					<GuiElement type="text"   profile="multiTextOptionSettingsTooltip" vcaTextID="vca_tip_DRAWMARKER" text="Draw Marker (tt)"/>
				</GuiElement>	
	

				<GuiElement type="multiTextOption" profile="vcaMTOSettings" id="snapAngle" onCreate="onCreateSubElement" onCreateArgs="list">
					<GuiElement type="button" profile="multiTextOptionSettingsLeft" />
					<GuiElement type="button" profile="multiTextOptionSettingsRight" />
					<GuiElement type="text"   profile="multiTextOptionSettingsText" />
					<GuiElement type="text"   profile="multiTextOptionSettingsTitle" vcaTextID="vcaANGLE" text="snapAngle"/>
					<GuiElement type="bitmap" profile="multiTextOptionSettingsBg" />
					<GuiElement type="text"   profile="multiTextOptionSettingsTooltip" vcaTextID="vca_tip_ANGLE" text="snapAngle"/>
				</GuiElement>	

				<GuiElement type="textInput" profile="ingameMenuGameSettingsTextInput" id="snapDistance" onCreate="onCreateSubElement" 
										maxCharacters="20" imeKeyboardType="normal" onEnterPressed="vcaOnEnterPressed"
										position="558px 0">
					<!--GuiElement type="text"   profile="multiTextOptionSettingsTitle" vcaTextID="vcaDISTANCE" text="snapDistance"/-->
					<GuiElement type="text"   profile="multiTextOptionSettingsTooltip" vcaTextID="vca_tip_DISTANCE" text="snapDistance (tt)"/>
				</GuiElement>
				
				<GuiElement type="textInput" profile="ingameMenuGameSettingsTextInput" id="snapOffset1" onCreate="onCreateSubElement" 
										maxCharacters="20" imeKeyboardType="normal" onEnterPressed="vcaOnEnterPressed">
					<GuiElement type="text"   profile="multiTextOptionSettingsTooltip" vcaTextID="vcaOFFSET1" text="snapOffset1"/>
				</GuiElement>
				
				<GuiElement type="textInput" profile="ingameMenuGameSettingsTextInput" id="snapOffset2" onCreate="onCreateSubElement" 
										maxCharacters="20" imeKeyboardType="normal" onEnterPressed="vcaOnEnterPressed">
					<GuiElement type="text"   profile="multiTextOptionSettingsTooltip" vcaTextID="vcaOFFSET2" text="snapOffset2"/>
				</GuiElement>







				<GuiElement type="text" profile="settingsMenuSubtitle" text="Throttle / Brakes"/> <!--vcaTextID="vcaSETTINGS" text="settings" /> -->


				<GuiElement type="multiTextOption" profile="multiTextOptionSettings" id="limitThrottle" onCreate="onCreateSubElement" onCreateArgs="list">
					<GuiElement type="button" profile="multiTextOptionSettingsLeft" />
					<GuiElement type="button" profile="multiTextOptionSettingsRight" />
					<GuiElement type="text"   profile="multiTextOptionSettingsText" />
					<GuiElement type="text"   profile="multiTextOptionSettingsTitle" vcaTextID="vcaLIMIT" text="limitThrottle"/>
					<GuiElement type="bitmap" profile="multiTextOptionSettingsBg" />
					<GuiElement type="text"   profile="multiTextOptionSettingsTooltip" vcaTextID="vca_tip_LIMIT" text="limitThrottle"/>
				</GuiElement>
				
				<GuiElement type="multiTextOption" profile="multiTextOptionSettings" id="brakeForce" onCreate="onCreateSubElement" onCreateArgs="list">
					<GuiElement type="button" profile="multiTextOptionSettingsLeft" />
					<GuiElement type="button" profile="multiTextOptionSettingsRight" />
					<GuiElement type="text"   profile="multiTextOptionSettingsText" />
					<GuiElement type="text"   profile="multiTextOptionSettingsTitle" vcaTextID="vcaBRAKE" text="brakeForce"/>
					<GuiElement type="bitmap" profile="multiTextOptionSettingsBg" />
					<GuiElement type="text"   profile="multiTextOptionSettingsTooltip" vcaTextID="vca_tip_BRAKE" text="brakeForce"/>
				</GuiElement>
				
				<GuiElement type="checkedOption" profile="multiTextOptionSettings" id="ksToggle" onCreate="onCreateSubElement">
					<GuiElement type="button" profile="multiTextOptionSettingsLeft" />
					<GuiElement type="button" profile="multiTextOptionSettingsRight" />
					<GuiElement type="text"   profile="multiTextOptionSettingsText" />
					<GuiElement type="text"   profile="multiTextOptionSettingsTitle" vcaTextID="vcaKEEPSPEED" text="ksToggle"/>
					<GuiElement type="bitmap" profile="multiTextOptionSettingsBg" />
					<GuiElement type="text"   profile="multiTextOptionSettingsTooltip" vcaTextID="vca_tip_KEEPSPEED" text="ksToggle"/>
				</GuiElement>

				<GuiElement type="checkedOption" profile="multiTextOptionSettings" id="autoShift" onCreate="onCreateSubElement">
					<GuiElement type="button" profile="multiTextOptionSettingsLeft" />
					<GuiElement type="button" profile="multiTextOptionSettingsRight" />
					<GuiElement type="text"   profile="multiTextOptionSettingsText" />
					<GuiElement type="text"   profile="multiTextOptionSettingsTitle" vcaTextID="vcaAUTOSHIFT" text="autoShift"/>
					<GuiElement type="bitmap" profile="multiTextOptionSettingsBg" />
					<GuiElement type="text"   profile="multiTextOptionSettingsTooltip" vcaTextID="vca_tip_AUTOSHIFT" text="autoShift"/>
				</GuiElement>


				<GuiElement type="text" profile="settingsMenuSubtitle" text="Differentials"/> <!--vcaTextID="vcaSETTINGS" text="settings" /> -->



				<GuiElement type="checkedOption" profile="multiTextOptionSettings" id="antiSlip" onCreate="onCreateSubElement">
					<GuiElement type="button" profile="multiTextOptionSettingsLeft" />
					<GuiElement type="button" profile="multiTextOptionSettingsRight" />
					<GuiElement type="text"   profile="multiTextOptionSettingsText" />
					<GuiElement type="text"   profile="multiTextOptionSettingsTitle" vcaTextID="vcaAntiSlip" text="antiSlip"/>
					<GuiElement type="bitmap" profile="multiTextOptionSettingsBg" />
					<GuiElement type="text"   profile="multiTextOptionSettingsTooltip" vcaTextID="vca_tip_AntiSlip" text="antiSlip"/>
				</GuiElement>

				<GuiElement type="checkedOption" profile="multiTextOptionSettings" id="diffManual"  onCreate="onCreateSubElement">
					<GuiElement type="button" profile="multiTextOptionSettingsLeft" />
					<GuiElement type="button" profile="multiTextOptionSettingsRight" />
					<GuiElement type="text"   profile="multiTextOptionSettingsText" />
					<GuiElement type="text"   profile="multiTextOptionSettingsTitle" vcaTextID="vcaDiffManual" text="diffManual"/>
					<GuiElement type="bitmap" profile="multiTextOptionSettingsBg" />
					<GuiElement type="text"   profile="multiTextOptionSettingsTooltip" vcaTextID="vca_tip_DiffManual" text="diffManual"/>
				</GuiElement>

				<GuiElement type="checkedOption" profile="multiTextOptionSettings" id="diffFrontAdv"  onCreate="onCreateSubElement">
					<GuiElement type="button" profile="multiTextOptionSettingsLeft" />
					<GuiElement type="button" profile="multiTextOptionSettingsRight" />
					<GuiElement type="text"   profile="multiTextOptionSettingsText" />
					<GuiElement type="text"   profile="multiTextOptionSettingsTitle" vcaTextID="vcaDiffFrontAdv" text="diffFrontAdv"/>
					<GuiElement type="bitmap" profile="multiTextOptionSettingsBg" />
					<GuiElement type="text"   profile="multiTextOptionSettingsTooltip" vcaTextID="vca_tip_DiffFrontAdv" text="diffFrontAdv"/>
				</GuiElement>

				<GuiElement type="checkedOption" profile="multiTextOptionSettings" id="diffLockSwap"  onCreate="onCreateSubElement">
					<GuiElement type="button" profile="multiTextOptionSettingsLeft" />
					<GuiElement type="button" profile="multiTextOptionSettingsRight" />
					<GuiElement type="text"   profile="multiTextOptionSettingsText" />
					<GuiElement type="text"   profile="multiTextOptionSettingsTitle" vcaTextID="vcaDiffLockSwap" text="diffLockSwap"/>
					<GuiElement type="bitmap" profile="multiTextOptionSettingsBg" />
					<GuiElement type="text"   profile="multiTextOptionSettingsTooltip" vcaTextID="vca_tip_DiffLockSwap" text="diffLockSwap"/>
				</GuiElement>
				
				<GuiElement type="checkedOption" profile="multiTextOptionSettings" id="hiredWorker2" onCreate="onCreateSubElement">
					<GuiElement type="button" profile="multiTextOptionSettingsLeft" />
					<GuiElement type="button" profile="multiTextOptionSettingsRight" />
					<GuiElement type="text"   profile="multiTextOptionSettingsText" />
					<GuiElement type="text"   profile="multiTextOptionSettingsTitle" vcaTextID="vcaHIREDWORKER2" text="hiredWorker2"/>
					<GuiElement type="bitmap" profile="multiTextOptionSettingsBg" />
					<GuiElement type="text"   profile="multiTextOptionSettingsTooltip" vcaTextID="vca_tip_HIREDWORKER2" text="hiredWorker2"/>
				</GuiElement>


			</GuiElement>

		<GuiElement type="flowLayout" profile="buttonBoxDialog" id="buttonsPC" >
			<GuiElement type="button" profile="buttonBack"   text="$l10n_button_back"   onClick="onClickBack"  id="backButton" />
			<GuiElement type="button" profile="buttonExtra1" text="$l10n_button_extra1" onClick="onClickMagic" id="magicButton" vcaTextID="vcaButtonSnapWidth"/>
			<GuiElement type="button" profile="buttonExtra2" text="$l10n_button_extra2" onClick="onClickSwap"  id="swapButton"  vcaTextID="vcaButtonSnapOffset"/>
		</GuiElement>
	</GuiElement>
</GUI>

